InDegree,OutDegree,Closeness_total,Betweenness,Eigen,Diffusion.degree,Coreness,Cross_clique_connectivity
0.5329255448271154,2.76837375940813,1.2645833300984475,0.30476750109349526,2.068031258233226,2.2025579886652453,1.9764293687112588,1.2217623640317492
-0.13891023946135397,-0.07324469015934258,-0.9763383501103755,-0.11990104959675144,-0.39961220166816747,-0.9008705000014756,-0.008232004186226343,-0.19461720797394272
-0.13891023946135397,-0.1747310633581809,-1.051993653256202,-0.11849533717918587,-0.42613565038028667,-0.9517463768648644,-0.008232004186226343,-0.2043184379191872
-0.13891023946135397,0.8401326686302022,0.6715333809017869,-0.10404030017517563,0.4813553941134429,0.5066954265522833,1.1494871300039735,-0.07820244863100914
0.38362870387412223,1.1445917882267171,0.9924003720037822,-0.022490678291540677,1.5104252618726077,1.529865839027104,1.9764293687112588,0.48931950316579215
0.12235923220638412,1.8549964006185853,1.1172314653072004,-0.04271563505980764,1.4281623781550232,1.7164107208595298,1.9764293687112588,0.42626150852170314
0.980816067686095,2.0579691470162618,1.4074945380512982,0.5380546976781895,2.3806689243599535,2.622755045722124,2.4725947119356304,2.5944864012838416
0.2716560731593773,1.2460781614255554,0.9924003720037822,-0.0725994342377709,1.19230838106752,1.4827585456350771,1.9764293687112588,0.3777553587954808
-0.13891023946135397,0.6371599222325255,0.8287982315304289,-0.10507752064368998,0.9764332851102839,0.9796526522082317,1.1494871300039735,-0.015144453986920109
0.08503502196813582,0.6371599222325255,0.9748692932920019,0.11795468659478657,0.5728420867327628,1.3866596671153426,1.8110409209698017,0.16917891497272475
1.5406792212598193,6.9293150605605,1.6259507422325954,0.22614588819065473,6.2637896942764835,3.764635837544852,4.126479189350201,6.644749903423405
0.010386601491639228,1.2460781614255554,-0.2475005826970746,-0.0897611720304965,0.4684032238080679,0.3766792967902895,1.9764293687112588,0.08671846043814678
0.5329255448271154,0.9416190418290405,0.9140905902581744,0.007590439073108323,0.4969809189185431,1.3640481662871697,1.9764293687112588,0.9113230057839264
-0.026937608746609068,1.449050907823232,1.0011938270899288,-0.017501756768214208,0.5435978139559235,1.671187719203184,1.9764293687112588,0.7318502517969038
0.2716560731593773,1.2460781614255554,1.1535915335649873,0.15510061940507017,0.6276574595914095,1.7635180142515565,1.8110409209698017,0.5863318026182368
-0.13891023946135397,-0.4791901829546958,-1.346377611625651,-0.12819866594371876,-0.42716747709951947,-1.0666881727414097,-0.5043973474105977,-0.23342212775492058
-0.13891023946135397,1.6520236542209086,1.027686568771926,-0.028147904270403395,0.5058824303314357,1.6523448018463736,1.8110409209698017,0.8143107063314817
-0.21355865993785056,1.3475645346243939,0.8968890705317237,-0.08589789157385787,0.3282459444301057,1.0305285290716206,0.9840986822625163,0.043062925684546685
1.4287065905450744,2.9713465058058066,1.4074945380512982,1.0698693714215413,3.5768799940639697,2.343879868841326,3.2995369506429157,1.507948647416461
-0.17623444969960225,-0.3777038097558575,-1.4046146404124513,-0.12560625746025247,-0.40729837981301775,-1.134522675225928,-0.5043973474105977,-0.24312335770016505
-0.13891023946135397,-0.5806765561535341,-1.4134730597939364,-0.128774285685599,-0.48890221718173626,-1.1646713429968252,-0.6697857951520547,-0.24312335770016505
0.08503502196813582,0.9416190418290405,0.9140905902581744,-0.0955346106894976,1.5954934769547091,1.3847753753796617,1.8110409209698017,0.17888014491796922
0.010386601491639228,-0.5806765561535341,-1.1404210012795775,-0.12716766362377743,-0.3063507861777648,-0.7765072454465249,-0.008232004186226343,-0.18006536305607604
0.5702497550653637,3.072832879004645,1.397818755117902,0.3496429813807219,2.696313022627291,2.6302922126648483,2.4725947119356304,2.424714877242063
0.010386601491639228,0.028241683039495716,0.4429051994093778,-0.054907795775419835,0.13370753962759635,0.08272978602404266,0.6533217867796021,-0.19946782294656495
0.6075739653036121,0.6371599222325255,1.0454426432397184,0.16511174989502914,0.5932262532848456,1.7352536382163406,1.9764293687112588,0.6833441020706814
0.2716560731593773,1.2460781614255554,0.8541991675599059,0.21245993058390533,0.8709756023331519,1.0870572811420527,1.8110409209698017,0.4359627384669476
-0.21355865993785056,-0.4791901829546958,-1.6511217461003893,-0.12904676140064858,-0.5188588321412629,-1.2720759719306463,-0.8351742428935118,-0.24797397267278729
0.234331862921129,1.753510027419747,1.1810686241928183,0.47723180996964315,0.617966898581339,1.8728069349210585,1.8110409209698017,0.8773687009755707
0.980816067686095,5.305533089379087,1.4464141302540674,0.24404594187593195,4.542773582341718,2.8790187217747496,3.63031384612583,2.769108540298242
-0.21355865993785056,-0.4791901829546958,-1.5558809317214175,-0.12904676140064858,-0.518186249030054,-1.24381159589543,-0.8351742428935118,-0.24797397267278729
0.1970076526828807,-0.1747310633581809,0.473656449981109,-0.00901832179175736,-0.21325537544899198,0.14867999677288007,0.6533217867796021,-0.10730613846674253
0.4209529141123705,0.028241683039495716,0.6878001177770302,-0.03834327022272715,0.1656963022609235,0.610331472014742,1.1494871300039735,0.07701723049290232
0.4209529141123705,1.6520236542209086,1.1172314653072004,0.06709511086666797,1.1977137470437444,2.1441449448591325,2.4725947119356304,1.7698818559380616
0.34630449363587396,1.3475645346243939,0.8457145493445334,0.1017521034882759,1.1395696311072863,1.1002473232918202,1.9764293687112588,0.28559367431565835
0.7568708062566052,1.5505372810220703,1.3881644739240617,0.6880163527788933,1.4338385535371458,2.05181464981076,1.9764293687112588,1.02773776512686
0.047710811729887524,-0.1747310633581809,-0.9404010559763614,-0.10972533100628427,-0.3337566365743102,-0.7199784933760929,0.487933339038145,-0.1461110582477204
0.047710811729887524,-0.3777038097558575,0.5753089978175121,-0.11095094189523992,-0.23093096694652268,0.1411428298301558,0.487933339038145,-0.15096167322034262
-0.026937608746609068,0.7386462954313638,0.9140905902581744,-0.019257325874591166,0.8878739350096193,1.177503284454744,1.3148755777454306,0.10127030535601347
-0.21355865993785056,-0.4791901829546958,-2.3936807682824766,-0.12904676140064858,-0.5233089869025973,-1.24381159589543,-0.8351742428935118,-0.24797397267278729
0.8688434369713501,0.028241683039495716,-0.5280222726414793,0.0943837435833923,0.27427319174356957,0.12418420420902618,1.9764293687112588,0.17402952994534698
0.15968344244463242,0.33270080263601065,-0.8140202945169446,-0.08906340274132905,0.07432754638751171,-0.5240121528652617,0.9840986822625163,-0.1461110582477204
-0.17623444969960225,0.12972805623833403,-1.106332091361487,-0.12438020477634698,-0.3649554106474418,-0.8405731644596813,0.15715644355523076,-0.18976659300132048
1.5406792212598193,6.523369567765147,1.6874471909331326,0.929133540443781,5.39654464340763,3.60258674827628,4.126479189350201,5.4078430854047355
-0.17623444969960225,-0.3777038097558575,0.4429051994093778,-0.11888725555801483,-0.28979080894158427,-0.02279055117409723,-0.5043973474105977,-0.23342212775492058
-0.13891023946135397,0.33270080263601065,-0.4088502541974284,-0.08413450477094324,-0.29246644186950616,-0.32239293714738726,0.3225448912966879,-0.18006536305607604
-0.21355865993785056,-0.07324469015934258,-0.6090164288892184,-0.12368448789743997,-0.324948599974803,-0.4053017735173543,-0.17362045192768344,-0.2043184379191872
-0.13891023946135397,-0.1747310633581809,0.42000113370739445,-0.11119424491829526,-0.2981281101062518,-0.08497217845157252,-0.008232004186226343,-0.2188702828370539
0.4956013345888671,1.753510027419747,1.1535915335649873,0.30222507655129577,1.3460644393281311,2.115880568823916,1.9764293687112588,1.2314635939769938
0.38362870387412223,0.8401326686302022,1.0100059717732044,0.037960633478096056,0.730825090331738,1.6994520952384002,1.9764293687112588,0.5184231930015255
0.010386601491639228,0.7386462954313638,0.8287982315304289,-0.11777387694823221,0.31814045902587607,0.9212396084021185,1.9764293687112588,-0.04909875879527574
-0.06426181898485736,0.7386462954313638,-0.3042016592892192,-0.09865145425856443,0.006035374252235788,0.06011828519586982,1.3148755777454306,0.05276415562979115
0.4956013345888671,1.043105415027879,0.002410044746854617,0.10621765917824301,0.34437152364422163,1.181271867926106,1.9764293687112588,1.3721314281830383
0.3089802833976256,2.2609418934139383,1.1718897477640962,0.33485321718391053,1.338885480439289,1.9745586886478361,1.9764293687112588,0.9792316154006376
-0.21355865993785056,-0.1747310633581809,-0.7434409296188826,-0.1286226937539139,-0.24831219045060038,-0.6314167817990827,-0.33900889966914055,-0.23342212775492058
-0.06426181898485736,1.449050907823232,-0.183410193828492,-0.05236877282377635,0.7013940777327637,0.17694437280809613,1.3148755777454306,0.10612092032863571
0.047710811729887524,-0.1747310633581809,0.4352554076012178,-0.023581058176382633,-0.06703302518401084,0.08084549428836159,0.487933339038145,-0.19461720797394272
0.6448981755418604,1.043105415027879,1.1627307390334929,0.05183444803024843,1.0441562437023184,2.1479135283304944,2.307206264194173,1.5225004923343277
0.047710811729887524,0.8401326686302022,1.027686568771926,0.2058917404419722,0.20167060783597376,1.0795201141993283,0.9840986822625163,0.038212310711924456
0.7195465960183569,3.4787783717999976,1.3211805802601593,0.6218157512704781,2.4645598692775295,2.6623251721714265,2.9687600551600015,2.293748272981263
0.8688434369713501,1.8549964006185853,1.1902674330353245,0.624184282612223,2.30430488382599,2.0235502737755438,2.4725947119356304,1.323625278456816
0.38362870387412223,1.1445917882267171,1.0811831661235365,-0.08311124610971636,1.0539542508075035,2.0763104423746137,1.9764293687112588,1.949354609925084
0.1970076526828807,1.9564827738174235,0.9400288144187937,-0.09126056114630562,1.4324222395614288,1.477105670428034,1.9764293687112588,0.47476765824792544
0.7568708062566052,1.3475645346243939,1.0722193358389964,0.5037354116687782,1.0071334428086354,1.746559388630427,1.9764293687112588,1.1393019094971713
-0.17623444969960225,-0.3777038097558575,0.36708226295138235,-0.12904676140064858,-0.3005904323098914,-0.12642659663655606,-0.5043973474105977,-0.2382727427275428
-0.06426181898485736,-0.1747310633581809,0.8035552287818061,-0.048790705080444884,-0.11138138438160637,0.6970088918560713,0.15715644355523076,-0.12185798338460924
0.5702497550653637,0.33270080263601065,1.1535915335649873,0.20238464444235676,0.5496757572289899,1.7880138068154103,1.4802640254868877,0.7464020967147705
0.5702497550653637,3.4787783717999976,1.1172314653072004,6.979846532564684e-05,3.77884231646447,2.3476484523126877,3.63031384612583,1.6001103318962833
-0.06426181898485736,0.028241683039495716,0.7784686909256157,0.05098342840565709,-0.09507481627210057,0.7365790183053738,0.3225448912966879,-0.14126044327509815
-0.10158602922310567,-0.4791901829546958,0.3896725773531768,-0.11295813931088973,-0.30839724775878624,-0.08497217845157252,-0.33900889966914055,-0.22372089780967613
-0.17623444969960225,0.6371599222325255,0.7123252236286782,-0.12036274190107595,0.7203456850161815,0.50104255134524,0.487933339038145,-0.18006536305607604
-0.10158602922310567,-0.2762174365570192,0.4276207339578598,-0.11513214615955734,-0.10120717320027955,-0.05670780241635648,-0.17362045192768344,-0.21401966786443166
-0.21355865993785056,-0.3777038097558575,-1.581035113246286,-0.1263390708450421,-0.5138057166794491,-1.234390137217025,-0.6697857951520547,-0.24312335770016505
0.010386601491639228,0.43418717583484895,-0.4390352720268012,-0.031068791168675784,-0.2193085202196732,-0.1546909726717721,0.6533217867796021,-0.117007368411987
-0.10158602922310567,0.12972805623833403,0.7951757364960668,-0.06065860910951841,0.07608234424173105,0.7365790183053738,0.3225448912966879,-0.1024555234941203
-0.17623444969960225,-0.1747310633581809,0.3745975883508893,-0.10955596897058643,-0.2887795692166675,-0.03598059332386472,-0.17362045192768344,-0.19946782294656495
-0.10158602922310567,0.23121442943717233,0.7452608596078731,-0.10875352436752174,-0.008975562402150607,0.663091640613812,0.487933339038145,-0.14126044327509815
-0.10158602922310567,-0.2762174365570192,0.4276207339578598,-0.11665748974571896,-0.09872240395367113,0.0017052413897566713,-0.17362045192768344,-0.19461720797394272
-0.21355865993785056,-0.1747310633581809,-1.5389879909623065,-0.12518702585497515,-0.494026217056765,-1.1703242182038684,-0.33900889966914055,-0.22372089780967613
-0.17623444969960225,0.028241683039495716,-0.8830942750934389,-0.1077928052185691,-0.26995244086883163,-0.6559125743629366,-0.17362045192768344,-0.2043184379191872
-0.10158602922310567,0.028241683039495716,0.48912396147370885,-0.03912309563521863,-0.26610186958013443,0.028085325689291642,-0.008232004186226343,-0.16551351813820933
-0.17623444969960225,0.028241683039495716,0.7370015634318813,-0.040434453911158345,-0.1631061391614172,0.5669927620940775,-0.008232004186226343,-0.18006536305607604
-0.17623444969960225,0.7386462954313638,0.9313645374359558,-0.07626887541435017,0.46554406389466085,0.9250081918734807,0.8187102345210592,-0.07820244863100914
-0.026937608746609068,-0.5806765561535341,-1.4134730597939364,0.024427392945130473,-0.47448036619151207,-1.1590184677897821,-0.33900889966914055,-0.22857151278229834
-0.17623444969960225,0.028241683039495716,0.7784686909256157,-0.03438170407136392,-0.16436338082734933,0.5764142207724828,-0.17362045192768344,-0.18491597802869825
-0.21355865993785056,-0.4791901829546958,-2.875387674944289,-0.12904676140064858,-0.5344691220232752,-1.3003403479658622,-0.8351742428935118,-0.24797397267278729
-0.10158602922310567,0.33270080263601065,0.8968890705317237,0.004568770494101343,0.29599014548271635,0.9664626100584642,0.6533217867796021,-0.09760490852149807
0.38362870387412223,0.8401326686302022,0.9487113704676233,0.10389414160084771,0.8535105909905298,1.3546267076087646,1.9764293687112588,0.5038713480836589
-0.21355865993785056,-0.4791901829546958,-1.663311758867113,-0.12904676140064858,-0.5146754818273448,-1.2532330545738355,-0.8351742428935118,-0.24797397267278729
-0.17623444969960225,-0.2762174365570192,0.35209573343642775,-0.10217880408567595,-0.2923185668890584,-0.12454230490087498,-0.33900889966914055,-0.22857151278229834
0.047710811729887524,0.5356735490336872,0.8203664220277836,-0.007001478947509282,0.06734935618144718,1.0550243216354744,0.9840986822625163,0.1497764550822358
0.4209529141123705,1.043105415027879,1.090166232094837,0.20613317477450466,0.477695093796032,1.6843777613529516,1.9764293687112588,0.9113230057839264
-0.17623444969960225,-0.3777038097558575,-1.56429024753879,-0.1276725054305938,-0.5103123444075233,-1.234390137217025,-0.5043973474105977,-0.2382727427275428
0.010386601491639228,-0.4791901829546958,0.6796584499840578,-0.023621281816017053,0.0196300974151246,0.5217697604377318,-0.17362045192768344,-0.1752147480834538
-0.06426181898485736,-0.2762174365570192,0.35209573343642775,0.03732425809303424,-0.30728172869853115,-0.14903809746472887,-0.17362045192768344,-0.19461720797394272
-0.21355865993785056,0.6371599222325255,0.7868135751143814,-0.111593523310112,0.5282279792811162,0.5481498447372668,0.3225448912966879,-0.15096167322034262
-0.21355865993785056,-0.07324469015934258,-0.6992377674947987,-0.0670628286861392,-0.37308647287262997,-0.6106895727065909,-0.33900889966914055,-0.2188702828370539
0.38362870387412223,0.6371599222325255,0.7784686909256157,-0.09522649119528727,0.585765004330342,1.128511699327036,1.9764293687112588,0.6881947170433037
-0.10158602922310567,-0.2762174365570192,0.7784686909256157,-0.11216334053347668,-0.10045134052834578,0.7554219356621844,-0.008232004186226343,-0.18491597802869825
0.6075739653036121,0.12972805623833403,1.099168595737741,0.15699963651450813,0.6989794809771609,1.535518714234147,1.3148755777454306,0.5960330325634813
0.12235923220638412,-0.2762174365570192,0.8203664220277836,-0.030181195376721936,-0.11106496396918192,0.7158518092128819,0.15715644355523076,-0.10730613846674253
-0.21355865993785056,0.028241683039495716,0.7287592267969033,-0.12904676140064858,0.16813523611963826,0.5839513877152072,-0.008232004186226343,-0.18006536305607604
-0.026937608746609068,0.33270080263601065,0.7784686909256157,0.029634844212581325,0.21749275669268459,0.663091640613812,0.6533217867796021,-0.09275429354887584
0.010386601491639228,0.9416190418290405,-0.16395501830285086,-0.018190170996232536,0.00975445556261011,0.19201870669354468,0.6533217867796021,-0.015144453986920109
-0.13891023946135397,-0.2762174365570192,0.473656449981109,-0.12033634796507611,-0.2747547903197554,0.022432450482248435,-0.17362045192768344,-0.19461720797394272
-0.13891023946135397,-0.1747310633581809,-1.001759831467981,-0.12530884691718266,-0.32805994652269227,-0.7670857867681197,-0.008232004186226343,-0.2043184379191872
-0.06426181898485736,0.9416190418290405,0.5991464018090218,-0.04582112356361066,-0.08369497053093457,0.3672578381118841,0.8187102345210592,-0.044248143822653505
-0.21355865993785056,-0.1747310633581809,-1.2498286627762718,-0.12831953411440097,-0.44655691079106585,-1.0421923801775557,-0.33900889966914055,-0.2188702828370539
-0.06426181898485736,1.2460781614255554,0.7123252236286782,0.20024032113374354,0.6901750187720133,0.5349598025874993,0.8187102345210592,-0.06850121868576467
-0.13891023946135397,-0.3777038097558575,0.3896725773531768,0.023955276785810373,-0.3227660598419783,-0.14338522225768566,-0.5043973474105977,-0.22372089780967613
-0.21355865993785056,-0.4791901829546958,-1.92982710318568,-0.12904676140064858,-0.5322078277153462,-1.3022246397015433,-0.8351742428935118,-0.24797397267278729
-0.10158602922310567,-0.3777038097558575,0.3972323282360635,-0.05074997593267789,-0.2787718761780779,-0.04728634373795113,-0.17362045192768344,-0.21401966786443166
-0.06426181898485736,0.028241683039495716,0.4813825104479399,-0.10795589524613478,-0.2431074611586023,0.043159659574740196,-0.008232004186226343,-0.1315592133298537
0.010386601491639228,-0.07324469015934258,-0.3166781461819125,-0.11871166130746853,-0.08324907582764299,-0.10193080407270215,0.487933339038145,-0.07820244863100914
0.5329255448271154,0.028241683039495716,0.8119521059061379,0.45698675151827556,0.6330326134608683,0.5443812612659047,1.1494871300039735,-0.05394937376789797
0.980816067686095,-0.2762174365570192,1.2179841054280947,0.8676683878188547,0.17877804072834322,1.3565109993444455,1.3148755777454306,0.3486516689597474
-0.026937608746609068,-0.4791901829546958,-1.051993653256202,-0.12222301643057865,-0.2721785337840163,-0.7199784933760929,-0.008232004186226343,-0.18976659300132048
-0.17623444969960225,-0.07324469015934258,-1.3957294786333043,-0.12071060022121903,-0.47439348713783436,-1.134522675225928,-0.17362045192768344,-0.22372089780967613
-0.026937608746609068,-0.3777038097558575,-1.1979930448183842,-0.08559664965447743,-0.45885212478146603,-1.0403080884418747,-0.008232004186226343,-0.2043184379191872
-0.17623444969960225,-0.3777038097558575,0.3745975883508893,0.022667509093824555,-0.335883749482291,-0.14338522225768566,-0.6697857951520547,-0.23342212775492058
-0.17623444969960225,0.43418717583484895,0.8457145493445334,-0.11356001324492469,0.26344732802252563,0.8760166067457729,0.487933339038145,-0.0733518336583869
-0.13891023946135397,-0.4791901829546958,-1.4090471853517383,-0.12594357280154422,-0.5036319194472002,-1.1929357190320413,-0.5043973474105977,-0.2382727427275428
-0.21355865993785056,-0.07324469015934258,-1.3099631754371603,0.037382122206677075,-0.4793008081313031,-1.1232169248118418,-0.5043973474105977,-0.22857151278229834
-0.21355865993785056,-0.3777038097558575,0.35958165905134154,-0.12904676140064858,-0.33592806836829503,-0.14715380572904782,-0.6697857951520547,-0.2382727427275428
-0.21355865993785056,-0.4791901829546958,-1.5389879909623065,-0.12904676140064858,-0.5247323374528624,-1.24381159589543,-0.8351742428935118,-0.24797397267278729
-0.21355865993785056,-0.2762174365570192,0.35958165905134154,-0.12904676140064858,-0.1471237992837289,-0.14526951399336674,-0.5043973474105977,-0.2382727427275428
-0.21355865993785056,-0.3777038097558575,0.35958165905134154,-0.12904676140064858,-0.33592806836829503,-0.14715380572904782,-0.6697857951520547,-0.2382727427275428
0.15968344244463242,0.8401326686302022,0.7287592267969033,0.01294551307493625,0.11571810084473545,0.5613398868870343,1.3148755777454306,-0.010293839014297876
0.010386601491639228,0.23121442943717233,0.520244594597597,-0.09163597815108109,0.12068747807001737,0.06953974387427517,0.6533217867796021,-0.1606629031655871
-0.21355865993785056,-0.4791901829546958,-1.5389879909623065,-0.12904676140064858,-0.5247323374528624,-1.24381159589543,-0.8351742428935118,-0.24797397267278729
-0.17623444969960225,-0.1747310633581809,0.4048069751794098,-0.128047672136701,-0.11310536995458312,-0.045402052002270064,-0.17362045192768344,-0.2188702828370539
-0.06426181898485736,-0.3777038097558575,-1.0817506039689095,-0.09901335573056742,-0.4306503213290639,-1.0026222537282532,-0.17362045192768344,-0.2188702828370539
-0.13891023946135397,0.12972805623833403,0.4968808490918446,-0.12638236817934453,0.031987813290892404,0.06577116040291303,0.15715644355523076,-0.20916905289180943
-0.21355865993785056,-0.3777038097558575,0.3074860249564789,-0.111064406233861,-0.3450115682660328,-0.20179826606379883,-0.6697857951520547,-0.24312335770016505
-0.21355865993785056,-0.3777038097558575,-1.8055856438227118,-0.12770879539361119,-0.5280339702274389,-1.2796131388733705,-0.6697857951520547,-0.24312335770016505
0.234331862921129,0.7386462954313638,0.8712215990898547,0.029042827055096792,0.5731078222828695,1.0211070703932152,1.6456524732283448,0.05276415562979115
0.6075739653036121,0.23121442943717233,1.0811831661235365,0.20821443873639298,0.8034084650455976,1.6655348439961408,1.8110409209698017,0.5814811876456145
-0.10158602922310567,0.028241683039495716,0.7287592267969033,-0.11012465259034614,0.12534877884908105,0.5801828042438449,0.3225448912966879,-0.17036413311083157
-0.21355865993785056,-0.1747310633581809,0.35958165905134154,-0.12516038433893273,-0.30892814496638127,-0.10381509580838322,-0.33900889966914055,-0.22372089780967613
-0.21355865993785056,-0.2762174365570192,-1.7471883903570058,-0.1289605601105949,-0.5156172012265964,-1.2212000950672575,-0.5043973474105977,-0.22857151278229834
-0.13891023946135397,-0.2762174365570192,0.36708226295138235,-0.07000064958968778,-0.13606130727309196,-0.10569938754406429,-0.33900889966914055,-0.20916905289180943
-0.026937608746609068,0.33270080263601065,0.8372475890235035,-0.07035791730023311,0.3333532398950991,0.9513882761730157,0.8187102345210592,-0.06365060371314243
-0.21355865993785056,0.028241683039495716,0.4123965622552311,-0.12892623747239404,0.08433423737117686,-0.037864885059545786,-0.008232004186226343,-0.19946782294656495
0.12235923220638412,0.6371599222325255,0.5832387793871745,-0.0971828622205264,0.10709343234794087,0.5085797182879643,1.8110409209698017,-0.0733518336583869
-0.17623444969960225,-0.4791901829546958,-1.5600886744853686,-0.12551401496757975,-0.5235553152445107,-1.2588859297808788,-0.6697857951520547,-0.24312335770016505
-0.17623444969960225,-0.3777038097558575,0.6472572598646945,-0.12064771301826437,-0.21115179545494303,0.42755517365367834,-0.5043973474105977,-0.22857151278229834
-0.17623444969960225,0.6371599222325255,0.8203664220277836,0.0010580220201189688,-0.040279362545063126,0.8910909406312214,0.487933339038145,-0.1024555234941203
-0.21355865993785056,0.23121442943717233,-0.5571731866356872,-0.12430136541802231,-0.29678651247335064,-0.4109546487243975,0.3225448912966879,-0.1606629031655871
-0.21355865993785056,-0.4791901829546958,-1.959103320066327,-0.12904676140064858,-0.5297458557315162,-1.3022246397015433,-0.8351742428935118,-0.24797397267278729
-0.13891023946135397,-0.3777038097558575,0.3297255966961705,0.04002836443447544,-0.1575879269165503,-0.20368255779947989,-0.6697857951520547,-0.2382727427275428
-0.17623444969960225,-0.4791901829546958,-1.8665350735507664,-0.12201681376777847,-0.5289100461150408,-1.290918889287457,-0.6697857951520547,-0.24312335770016505
-0.10158602922310567,-0.3777038097558575,0.4123965622552311,-0.08036811384830876,-0.28279059920598126,-0.026559134645459368,-0.33900889966914055,-0.2043184379191872
-0.10158602922310567,-0.5806765561535341,-1.638878809979484,-0.1284437488373319,-0.506208974456696,-1.24381159589543,-0.5043973474105977,-0.2382727427275428
-0.06426181898485736,0.028241683039495716,0.7535371677221557,-0.021230685522804424,0.25093269182533495,0.663091640613812,0.3225448912966879,-0.13640982830247594
0.12235923220638412,0.33270080263601065,0.8968890705317237,0.07358883532951956,0.3826481607722294,1.1417017414768036,0.9840986822625163,0.09641969038339125
-0.17623444969960225,-0.3777038097558575,-1.2122180439026211,-0.12665856094838585,-0.45055442829450426,-1.0610352975343664,-0.5043973474105977,-0.23342212775492058
-0.10158602922310567,0.23121442943717233,0.7701410304404737,-0.10126395407659111,0.37576551187727697,0.6725130992922174,0.487933339038145,-0.13640982830247594
0.08503502196813582,0.12972805623833403,0.535898460156343,-0.10116327823216091,0.5202206131843284,0.08461407775972372,0.6533217867796021,-0.18006536305607604
-0.17623444969960225,-0.1747310633581809,-0.6656917290623839,-0.11966959823041481,-0.35711406550526537,-0.5616979875788831,-0.33900889966914055,-0.21401966786443166
-0.21355865993785056,-0.2762174365570192,0.3297255966961705,-0.026222299484856083,-0.3305718071581808,-0.179186765235626,-0.6697857951520547,-0.23342212775492058
0.010386601491639228,0.6371599222325255,0.7041334533694577,-0.06995329977251646,0.10853510045560427,0.5311912191161372,1.3148755777454306,-0.05394937376789797
-0.06426181898485736,-0.2762174365570192,0.6878001177770302,-0.11707941975586282,0.019431932694702572,0.5575713034156722,0.15715644355523076,-0.18976659300132048
-0.13891023946135397,0.43418717583484895,0.8119521059061379,-0.04366277927921446,0.24944520806028664,0.9834212356795938,0.8187102345210592,-0.05394937376789797
-0.21355865993785056,-0.4791901829546958,-1.7432509997830115,-0.12904676140064858,-0.5241552965069567,-1.2833817223447326,-0.8351742428935118,-0.24797397267278729
-0.10158602922310567,-0.07324469015934258,0.5832387793871745,-0.059071384775762875,-0.16782715063178372,0.29753904389168456,-0.008232004186226343,-0.1315592133298537
-0.21355865993785056,0.028241683039495716,0.6959584351969637,-0.09275516471225226,-0.062413978419872326,0.4803153422527483,-0.008232004186226343,-0.19461720797394272
0.1970076526828807,-0.2762174365570192,0.5437489443884451,0.5211315998653447,0.17475740788317293,0.33334058686962487,0.15715644355523076,0.009108620876191055
-0.21355865993785056,-0.3777038097558575,-1.7471883903570058,-0.12904676140064858,-0.5139643609977314,-1.211778636388852,-0.6697857951520547,-0.2382727427275428
-0.21355865993785056,-0.07324469015934258,0.35958165905134154,-0.12904676140064858,-0.12552791903776775,-0.11135226275110749,-0.17362045192768344,-0.2188702828370539
-0.13891023946135397,0.12972805623833403,0.4276207339578598,-0.11524416173584853,-0.09385094253632414,-0.0491706354736322,0.15715644355523076,-0.18006536305607604
-0.17623444969960225,0.028241683039495716,0.3745975883508893,0.022667509093824555,0.06340937492122181,-0.10569938754406429,-0.008232004186226343,-0.21401966786443166
-0.13891023946135397,0.028241683039495716,0.45825031750212447,-0.11851717122162267,0.1275307242257391,0.04692824304610234,0.15715644355523076,-0.19946782294656495
-0.10158602922310567,0.028241683039495716,0.4813825104479399,-0.04885580616429251,-0.2656881494530996,0.014895283539524157,-0.008232004186226343,-0.1461110582477204
-0.17623444969960225,-0.4791901829546958,-1.6835117680577871,-0.12893182634724368,-0.5251901856843484,-1.2814974306090516,-0.6697857951520547,-0.24312335770016505
-0.026937608746609068,-0.5806765561535341,-1.3957294786333043,-0.1140828211499884,-0.4471653469208234,-1.0855310900982205,-0.17362045192768344,-0.21401966786443166
0.010386601491639228,0.23121442943717233,0.7868135751143814,-0.04975148826223033,0.4620117656639005,0.7384633100410548,0.8187102345210592,-0.09275429354887584
0.12235923220638412,0.028241683039495716,-0.20918580262455003,-0.08537891497885451,0.2616731677291129,0.13360566288743153,0.8187102345210592,-0.0879036785762536
-0.10158602922310567,-0.07324469015934258,0.4123965622552311,-0.0393476509435389,-0.30260532192203565,-0.08120359498021038,0.15715644355523076,-0.20916905289180943
-0.21355865993785056,0.028241683039495716,0.6878001177770302,-0.10694914078873109,-0.19045030159118176,0.46900959183866187,-0.17362045192768344,-0.20916905289180943
-0.21355865993785056,-0.4791901829546958,-1.9481622851839797,-0.12904676140064858,-0.5319770345177935,-1.2965717644945,-0.8351742428935118,-0.24797397267278729
-0.13891023946135397,-0.4791901829546958,0.3074860249564789,-0.12904676140064858,-0.14817076686927053,-0.1773024734999449,-0.5043973474105977,-0.2382727427275428
0.15968344244463242,-0.5806765561535341,-0.9507105255598313,-0.10202525571180374,-0.3061375289175486,-0.7011355760192822,0.3225448912966879,-0.1606629031655871
-0.10158602922310567,0.33270080263601065,-0.32289969495404436,-0.06267864776341504,-0.06362422543231087,-0.12831088837223711,0.3225448912966879,-0.1315592133298537
-0.10158602922310567,0.33270080263601065,0.8203664220277836,-0.08340881045491409,0.19396578729452307,0.9758840687368695,0.487933339038145,-0.039397528850031276
-0.17623444969960225,0.7386462954313638,0.8287982315304289,-0.057262141672122645,0.16920720537060943,0.8760166067457729,0.6533217867796021,-0.039397528850031276
-0.21355865993785056,-0.3777038097558575,0.30010165144471546,-0.10645690717287823,-0.33669190711160357,-0.1980296825924367,-0.6697857951520547,-0.2382727427275428
-0.10158602922310567,-0.5806765561535341,0.3074860249564789,-0.12339201394854277,-0.32075187816856426,-0.14903809746472887,-0.5043973474105977,-0.22857151278229834
-0.17623444969960225,-0.2762174365570192,0.36708226295138235,-0.12904676140064858,-0.12972284671913883,-0.1415009305220046,-0.33900889966914055,-0.2188702828370539
-0.10158602922310567,-0.5806765561535341,0.31488477894367484,-0.12886056661413262,-0.3350794226549599,-0.18295534870698812,-0.5043973474105977,-0.22857151278229834
-0.17623444969960225,-0.1747310633581809,0.6715333809017869,-0.11827370657473323,-0.05655410939585964,0.5085797182879643,-0.33900889966914055,-0.2188702828370539
-0.17623444969960225,-0.2762174365570192,-1.2404697074606024,-0.11770954439182846,-0.39937222694868585,-1.0403080884418747,-0.5043973474105977,-0.23342212775492058
0.38362870387412223,-0.3777038097558575,0.7041334533694577,0.28253052834550285,0.09613704081999655,0.4746624670457051,0.8187102345210592,-0.0879036785762536
0.1970076526828807,0.5356735490336872,0.8372475890235035,-0.06828295041676695,0.537793472869492,0.9325453588162049,1.6456524732283448,-0.015144453986920109
-0.026937608746609068,-0.4791901829546958,0.4505701543339073,-0.10340279886679105,-0.2450780210075541,0.022432450482248435,-0.33900889966914055,-0.19461720797394272
0.08503502196813582,-0.1747310633581809,0.9661315516293525,-0.10261023190342751,0.321551629531893,1.3357837902519538,0.8187102345210592,0.1352246101643691
-0.21355865993785056,-0.07324469015934258,0.4505701543339073,-0.12297982674146912,-0.2315949428600236,0.08838266123108586,-0.33900889966914055,-0.20916905289180943
-0.17623444969960225,0.028241683039495716,-0.4927062828416222,-0.07864833854365631,-0.3358027241141694,-0.47502056773755386,-0.33900889966914055,-0.20916905289180943
0.5329255448271154,1.043105415027879,1.0365551411475096,-0.02880918309342296,0.7848390560001092,1.6316175927538816,1.9764293687112588,0.7124477919064148
0.010386601491639228,0.23121442943717233,0.8287982315304289,-0.10116755331091866,0.18356680895043515,0.8364464802964704,0.6533217867796021,-0.03454691387740904
-0.13891023946135397,-0.2762174365570192,0.42000113370739445,-0.11134636029382604,0.1224506391466112,0.026201033953610574,-0.17362045192768344,-0.23342212775492058
0.1970076526828807,0.5356735490336872,0.8883153287617322,0.052923332443642175,0.18344306872851313,1.0569086133711556,1.3148755777454306,0.04791354065716892
-0.21355865993785056,0.7386462954313638,0.9313645374359558,-0.05122756696953927,0.194098455119017,1.2359163282608572,0.8187102345210592,0.10127030535601347
0.15968344244463242,-0.3777038097558575,0.5753089978175121,-0.02705024425337802,0.14583186937797132,0.37291071331892733,0.6533217867796021,-0.1461110582477204
-0.21355865993785056,-0.3777038097558575,0.31488477894367484,-0.12904676140064858,-0.33641912943916824,-0.1904925156497124,-0.6697857951520547,-0.2382727427275428
-0.026937608746609068,0.6371599222325255,0.535898460156343,0.00621908369479141,-0.1893609421399964,0.17506008107241505,0.6533217867796021,-0.08305306360363136
-0.17623444969960225,-0.3777038097558575,0.3297255966961705,-0.11285927151081988,-0.3276331375564862,-0.16222813961449636,-0.5043973474105977,-0.2188702828370539
0.12235923220638412,0.12972805623833403,-0.13129196009460897,-0.06995023549696885,0.166491713758022,0.2711589595921496,0.8187102345210592,0.057614770602413386
-0.026937608746609068,-0.3777038097558575,-1.1597321890912198,-0.08726481390176347,-0.41399647797305666,-0.9555149603362266,-0.008232004186226343,-0.2043184379191872
-0.13891023946135397,-0.4791901829546958,-0.7269343916622018,-0.11987797675758916,-0.3887478947569013,-0.5993838222925044,-0.5043973474105977,-0.23342212775492058
-0.21355865993785056,-0.3777038097558575,-0.7653209409467662,-0.12904676140064858,-0.39646210284024175,-0.6634497413056608,-0.6697857951520547,-0.2382727427275428
0.010386601491639228,-0.1747310633581809,0.7701410304404737,-0.07262014184101652,-0.07286554777184283,0.6988931835917523,0.487933339038145,-0.12670859835723147
-0.026937608746609068,0.12972805623833403,0.7452608596078731,-0.08733001795921787,0.44836581491182326,0.8590579811246433,0.6533217867796021,-0.1315592133298537
-0.21355865993785056,-0.4791901829546958,-1.492015081079589,-0.12904676140064858,-0.4906628712143988,-1.187282843824998,-0.8351742428935118,-0.24797397267278729
-0.21355865993785056,-0.3777038097558575,0.33716774505215236,-0.12904676140064858,-0.33585853635436064,-0.17164959829290172,-0.6697857951520547,-0.2382727427275428
-0.21355865993785056,-0.07324469015934258,-0.6090164288892184,-0.12844547478343507,-0.17535602767782213,-0.4618305255877864,-0.17362045192768344,-0.2188702828370539
-0.026937608746609068,-0.3777038097558575,-1.1693423805179504,-0.10627878657099306,-0.3341273028829004,-0.9856636281071237,-0.17362045192768344,-0.22372089780967613
0.047710811729887524,0.028241683039495716,0.5437489443884451,-0.01954764143784304,0.22092505723087236,0.10722557858789655,0.6533217867796021,-0.17036413311083157
-0.10158602922310567,-0.3777038097558575,0.4505701543339073,-0.08363646625325626,-0.26302563811694046,0.016779575275205228,-0.33900889966914055,-0.2043184379191872
0.4209529141123705,0.7386462954313638,0.7618305403891611,0.24001117992670223,0.35802059207777,0.5707613455654397,0.9840986822625163,0.05276415562979115
-0.21355865993785056,-0.4791901829546958,-1.453008225216614,-0.12904676140064858,-0.47408379421568586,-1.160902759525463,-0.8351742428935118,-0.24797397267278729
0.08503502196813582,-0.3777038097558575,0.6472572598646945,-0.05703282556258993,-0.05988428342488189,0.5217697604377318,0.15715644355523076,-0.09275429354887584
-0.17623444969960225,-0.4791901829546958,-1.453008225216614,-0.12904676140064858,-0.41279080834052595,-1.1590184677897821,-0.6697857951520547,-0.24797397267278729
0.6822223857801086,0.9416190418290405,1.1081903193026714,0.2550237307031655,1.46421499415305,1.5769731324191307,2.9687600551600015,0.4553651983574365
-0.21355865993785056,-0.3777038097558575,-1.341850074148425,-0.12904676140064858,-0.46159385771161154,-1.10248971571935,-0.6697857951520547,-0.2382727427275428
-0.21355865993785056,-0.4791901829546958,-1.453008225216614,-0.12904676140064858,-0.47408379421568586,-1.160902759525463,-0.8351742428935118,-0.24797397267278729
0.047710811729887524,0.23121442943717233,0.9313645374359558,-0.097358279034942,0.32684326728190555,1.0550243216354744,0.8187102345210592,0.043062925684546685
-0.17623444969960225,-0.4791901829546958,-1.453008225216614,-0.12904676140064858,-0.41279080834052595,-1.1590184677897821,-0.6697857951520547,-0.24797397267278729
-0.21355865993785056,-0.3777038097558575,-0.6032955231610896,-0.12904676140064858,-0.3420628242374015,-0.5334336115436671,-0.6697857951520547,-0.2382727427275428
-0.21355865993785056,-0.4791901829546958,-1.77848744994256,-0.12904676140064858,-0.525964097510242,-1.2758445554020084,-0.8351742428935118,-0.24797397267278729
-0.21355865993785056,-0.2762174365570192,-1.7550464285277823,-0.12742633478943727,-0.5202493466792485,-1.2607702215165597,-0.6697857951520547,-0.2382727427275428
-0.21355865993785056,0.12972805623833403,-1.101431376442521,-0.11561306038873799,-0.37577913615871955,-0.9573992520719077,-0.008232004186226343,-0.20916905289180943
-0.21355865993785056,-0.2762174365570192,0.6715333809017869,-0.12301738622891113,-0.2051388584473902,0.4482823827461701,-0.5043973474105977,-0.22857151278229834
-0.21355865993785056,-0.4791901829546958,-1.7550464285277823,-0.12904676140064858,-0.5245488763000143,-1.240043012424068,-0.8351742428935118,-0.24797397267278729
1.1674371188773365,-0.5806765561535341,0.7535371677221557,0.8541311185230153,0.19108677977603697,0.5801828042438449,0.6533217867796021,0.20313321978108037
-0.17623444969960225,-0.2762174365570192,0.6878001177770302,-0.10456797474007927,-0.014919368152597649,0.4859682174597915,-0.33900889966914055,-0.22857151278229834
-0.21355865993785056,-0.2762174365570192,0.34462444306180745,-0.12904676140064858,-0.1469403381308821,-0.1415009305220046,-0.5043973474105977,-0.2382727427275428
-0.21355865993785056,-0.4791901829546958,-1.7550464285277823,-0.12904676140064858,-0.5245488763000143,-1.240043012424068,-0.8351742428935118,-0.24797397267278729
-0.21355865993785056,-0.3777038097558575,-1.7550464285277823,-0.12904676140064858,-0.5137209725091841,-1.238158720688387,-0.6697857951520547,-0.24797397267278729
-0.17623444969960225,-0.3777038097558575,0.35209573343642775,-0.10004360042487837,-0.33545009165994105,-0.13584805531496139,-0.5043973474105977,-0.22857151278229834
-0.21355865993785056,-0.3777038097558575,0.34462444306180745,-0.12904676140064858,-0.3357446072154482,-0.14338522225768566,-0.6697857951520547,-0.2382727427275428
-0.21355865993785056,-0.2762174365570192,0.34462444306180745,-0.12904676140064858,-0.32491670342461804,-0.1415009305220046,-0.5043973474105977,-0.2382727427275428
-0.21355865993785056,-0.1747310633581809,0.35209573343642775,-0.12720230786664374,-0.14035941714004477,-0.12265801316519391,-0.33900889966914055,-0.2188702828370539
-0.026937608746609068,-0.2762174365570192,0.473656449981109,0.19061559487036334,-0.11925910168157627,-0.037864885059545786,-0.008232004186226343,-0.20916905289180943
-0.21355865993785056,-0.4791901829546958,-1.7550464285277823,-0.12904676140064858,-0.5245488763000143,-1.240043012424068,-0.8351742428935118,-0.24797397267278729
-0.21355865993785056,-0.2762174365570192,0.35958165905134154,0.022667509093824555,-0.3357002475631041,-0.13961663878632352,-0.6697857951520547,-0.23342212775492058
-0.17623444969960225,-0.07324469015934258,0.4048069751794098,-0.12718389419084083,0.08103554764862525,-0.04163346853090792,-0.008232004186226343,-0.2188702828370539
-0.13891023946135397,0.028241683039495716,0.7535371677221557,0.03219789334671514,0.04904658210953502,0.6385958480499582,-0.008232004186226343,-0.1461110582477204
0.010386601491639228,-0.2762174365570192,0.5673951715427235,0.11468599316735661,0.1246040113140615,0.29753904389168456,0.3225448912966879,-0.15581228819296486
-0.026937608746609068,0.12972805623833403,0.7535371677221557,-0.017414194892316635,0.5721677384352543,0.7233889761556063,0.8187102345210592,-0.1461110582477204
-0.17623444969960225,-0.2762174365570192,0.6715333809017869,-0.11230725198482344,-0.19555637734775844,0.4708938835743429,-0.33900889966914055,-0.21401966786443166
-0.06426181898485736,-0.4791901829546958,0.36708226295138235,-0.11131422307275551,-0.31900961357998575,-0.08120359498021038,-0.17362045192768344,-0.2188702828370539
-0.13891023946135397,-0.4791901829546958,0.34462444306180745,-0.12418722935641831,-0.2947726009902597,-0.12265801316519391,-0.5043973474105977,-0.22857151278229834
-0.13891023946135397,-0.4791901829546958,0.34462444306180745,-0.11601458605685576,-0.14445219783190955,-0.1546909726717721,-0.5043973474105977,-0.2382727427275428
-0.17623444969960225,-0.4791901829546958,-1.7353594161132142,-0.12894140426836073,-0.5153994360825309,-1.270191680194965,-0.6697857951520547,-0.24312335770016505
-0.21355865993785056,-0.3777038097558575,0.3074860249564789,-0.12904676140064858,-0.3433112474918265,-0.20368255779947989,-0.6697857951520547,-0.2382727427275428
-0.10158602922310567,-0.3777038097558575,0.3821276786337053,-0.11679395935420397,-0.31657273933281943,-0.0925093453942968,-0.33900889966914055,-0.19946782294656495
-0.10158602922310567,-0.4791901829546958,0.4048069751794098,-0.11706216034146004,-0.30974678073952217,-0.08120359498021038,-0.33900889966914055,-0.22372089780967613
-0.17623444969960225,-0.1747310633581809,0.6715333809017869,-0.12628326931024822,-0.0003373035121779601,0.5123483017593264,-0.33900889966914055,-0.2188702828370539
-0.21355865993785056,-0.2762174365570192,0.3821276786337053,-0.11539881777651446,-0.3205818580538434,-0.11323655448678856,-0.5043973474105977,-0.23342212775492058
-0.21355865993785056,-0.4791901829546958,-1.9699996368219788,-0.12904676140064858,-0.5325620363877335,-1.3059932231729054,-0.8351742428935118,-0.24797397267278729
-0.17623444969960225,-0.4791901829546958,0.3074860249564789,0.022667509093824555,-0.3465305573891981,-0.21121972474220416,-0.8351742428935118,-0.24312335770016505
-0.13891023946135397,-0.3777038097558575,-0.7047957747049735,-0.11411424758288098,-0.2580118693150425,-0.6257639065920394,-0.33900889966914055,-0.2382727427275428
-0.17623444969960225,-0.5806765561535341,-1.9445052885825196,-0.12904676140064858,-0.5324006111500471,-1.3041089314372245,-0.8351742428935118,-0.24797397267278729
-0.21355865993785056,-0.3777038097558575,-0.7434409296188826,-0.12712245552220514,-0.3985546063480277,-0.6540282826272554,-0.6697857951520547,-0.24312335770016505
-0.10158602922310567,-0.4791901829546958,0.36708226295138235,-0.09084707563139627,-0.3316000325345654,-0.15657526440745315,-0.33900889966914055,-0.21401966786443166
-0.17623444969960225,-0.1747310633581809,-1.5558809317214175,-0.10343371385867875,-0.5047051389703451,-1.209894344653171,-0.33900889966914055,-0.22857151278229834
-0.21355865993785056,-0.3777038097558575,0.3896725773531768,-0.12904676140064858,-0.3031089925563738,-0.10381509580838322,-0.6697857951520547,-0.2382727427275428
0.047710811729887524,-0.3777038097558575,-0.8830942750934389,-0.10836299681843017,-0.25121900765222255,-0.6992512842836012,0.3225448912966879,-0.1752147480834538
-0.21355865993785056,-0.2762174365570192,-1.341850074148425,-0.1250284473055195,-0.462180127465777,-1.1137954661334364,-0.5043973474105977,-0.2382727427275428
-0.17623444969960225,-0.4791901829546958,-1.7274453492994648,-0.12904676140064858,-0.5005466104839935,-1.2588859297808788,-0.6697857951520547,-0.24797397267278729
-0.13891023946135397,-0.3777038097558575,0.3297255966961705,-0.1282292858333062,-0.14836867210273577,-0.179186765235626,-0.33900889966914055,-0.23342212775492058
-0.17623444969960225,-0.4791901829546958,-1.5893708785105536,-0.12904676140064858,-0.4757691451079803,-1.234390137217025,-0.6697857951520547,-0.24797397267278729
-0.06426181898485736,-0.5806765561535341,-1.2915881488815624,-0.12761040923136224,-0.4887746506057896,-1.0949525487766256,-0.33900889966914055,-0.22857151278229834
-0.21355865993785056,-0.4791901829546958,-1.3282259880906726,-0.12904676140064858,-0.4469617817113305,-1.0892996735695826,-0.8351742428935118,-0.24797397267278729
-0.17623444969960225,-0.1747310633581809,-0.5918242730817791,-0.1281645203664845,-0.16913105073596743,-0.42226039913848396,-0.17362045192768344,-0.19946782294656495
-0.17623444969960225,-0.1747310633581809,0.7123252236286782,-0.12566375397094132,0.25147199552065364,0.6385958480499582,-0.17362045192768344,-0.2188702828370539
-0.17623444969960225,-0.07324469015934258,-0.5918242730817791,-0.12728227933232042,-0.08201451998195554,-0.42226039913848396,-0.17362045192768344,-0.19946782294656495
-0.21355865993785056,-0.07324469015934258,0.7452608596078731,-0.026150178518706765,-0.12162845206896038,0.6612073488781309,-0.33900889966914055,-0.2043184379191872
0.08503502196813582,-0.1747310633581809,0.6311552485475759,0.11812703020770395,-0.16687986162104412,0.3069605025700899,0.3225448912966879,-0.1461110582477204
-0.21355865993785056,-0.2762174365570192,0.34462444306180745,-0.12904676140064858,-0.14445219783190955,-0.1546909726717721,-0.5043973474105977,-0.2382727427275428
-0.026937608746609068,-0.2762174365570192,0.7123252236286782,-0.08403066752291499,-0.15323222740029369,0.6009100133363368,0.15715644355523076,-0.15581228819296486
-0.21355865993785056,-0.4791901829546958,-1.8890433691763626,-0.12904676140064858,-0.5291745664680376,-1.2946874727588191,-0.8351742428935118,-0.24797397267278729
-0.21355865993785056,-0.4791901829546958,-1.9699996368219788,-0.12904676140064858,-0.5325620363877335,-1.3059932231729054,-0.8351742428935118,-0.24797397267278729
-0.17623444969960225,-0.4791901829546958,0.3074860249564789,0.022667509093824555,-0.3465305573891981,-0.21121972474220416,-0.8351742428935118,-0.24312335770016505
-0.13891023946135397,-0.1747310633581809,-1.2684599832280614,-0.12802334279512328,-0.4267577108141904,-1.025233754556426,-0.008232004186226343,-0.21401966786443166
-0.13891023946135397,-0.5806765561535341,-1.7274453492994648,-0.12823823559206426,-0.5174581445564038,-1.2758445554020084,-0.6697857951520547,-0.24312335770016505
-0.10158602922310567,-0.4791901829546958,-1.2263767774636825,-0.09728382031489842,-0.4467850742636757,-1.0874153818339014,-0.33900889966914055,-0.23342212775492058
-0.21355865993785056,-0.3777038097558575,-1.7075611857183093,-0.12610007884652683,-0.5148468148002532,-1.2513487628381545,-0.6697857951520547,-0.24312335770016505
-0.21355865993785056,-0.2762174365570192,-1.581035113246286,-0.12228898875795301,-0.5120736653502658,-1.2268529702743005,-0.5043973474105977,-0.2382727427275428
-0.21355865993785056,-0.4791901829546958,-1.7274453492994648,-0.12904676140064858,-0.5179616952874196,-1.2607702215165597,-0.8351742428935118,-0.24797397267278729
-0.21355865993785056,-0.4791901829546958,-1.7274453492994648,-0.12904676140064858,-0.5179616952874196,-1.2607702215165597,-0.8351742428935118,-0.24797397267278729
-0.17623444969960225,-0.4791901829546958,0.31488477894367484,-0.12904676140064858,-0.3305769609302836,-0.17164959829290172,-0.6697857951520547,-0.2382727427275428
-0.13891023946135397,-0.4791901829546958,-0.6992377674947987,-0.12455211433482616,-0.3622181609195,-0.559813695843202,-0.5043973474105977,-0.23342212775492058
-0.21355865993785056,-0.4791901829546958,-1.9371762563266517,-0.12904676140064858,-0.5264519017680559,-1.2965717644945,-0.8351742428935118,-0.24797397267278729
-0.06426181898485736,-0.4791901829546958,0.3297255966961705,0.038610255295886804,-0.3148590579835295,-0.152806680936091,-0.5043973474105977,-0.21401966786443166
-0.21355865993785056,-0.4791901829546958,-1.959103320066327,-0.12904676140064858,-0.5320899742397869,-1.3003403479658622,-0.8351742428935118,-0.24797397267278729
-0.21355865993785056,-0.3777038097558575,0.3074860249564789,-0.12904676140064858,-0.3432857051552194,-0.20368255779947989,-0.6697857951520547,-0.2382727427275428
-0.21355865993785056,-0.2762174365570192,0.6796584499840578,-0.12904676140064858,-0.1847477235365612,0.4878525091954726,-0.5043973474105977,-0.2188702828370539
-0.21355865993785056,-0.3777038097558575,0.31488477894367484,-0.12904676140064858,-0.3394853186244544,-0.19426109912107453,-0.6697857951520547,-0.2382727427275428
0.234331862921129,-0.2762174365570192,0.9140905902581744,0.07872197028825118,0.033994112239453395,1.0569086133711556,0.6533217867796021,0.08671846043814678
0.1970076526828807,-0.2762174365570192,0.7951757364960668,-0.09925025224301563,0.20021632282803573,0.6857031414419849,0.3225448912966879,-0.0733518336583869
-0.17623444969960225,-0.1747310633581809,0.3745975883508893,-0.12877509515300026,0.060858580661362044,-0.10946797101542642,-0.17362045192768344,-0.22857151278229834
-0.026937608746609068,-0.3777038097558575,0.7452608596078731,-0.05009768384067141,-0.07703819629950359,0.7365790183053738,-0.17362045192768344,-0.14126044327509815
-0.21355865993785056,-0.3777038097558575,0.30010165144471546,-0.12904676140064858,-0.3397409968559643,-0.19991397432811775,-0.6697857951520547,-0.2382727427275428
-0.17623444969960225,-0.4791901829546958,0.34462444306180745,-0.12904676140064858,-0.31722145287493975,-0.12454230490087498,-0.6697857951520547,-0.2382727427275428
-0.06426181898485736,-0.5806765561535341,-1.4704091971811917,-0.11531351435955538,-0.5088351692776346,-1.20801005291749,-0.5043973474105977,-0.23342212775492058
-0.10158602922310567,-0.2762174365570192,-0.7158837183829694,-0.11153495545090494,-0.13087317454981606,-0.6521439908915744,-0.33900889966914055,-0.22857151278229834
0.08503502196813582,-0.5806765561535341,0.48912396147370885,-0.09873910130841623,-0.16733112108025142,0.20709304057899322,0.3225448912966879,-0.16551351813820933
-0.21355865993785056,-0.4791901829546958,-1.5600886744853686,-0.12904676140064858,-0.5074409928649539,-1.2306215537456626,-0.8351742428935118,-0.24797397267278729
0.8688434369713501,-0.4791901829546958,0.7535371677221557,0.7731955718120689,0.3025955468284911,0.44639809101048905,0.6533217867796021,0.01395923584881329
-0.21355865993785056,-0.4791901829546958,-1.7550464285277823,-0.12904676140064858,-0.5228868435867715,-1.2532330545738355,-0.8351742428935118,-0.24797397267278729
-0.21355865993785056,-0.4791901829546958,-1.7550464285277823,-0.12904676140064858,-0.5228868435867715,-1.2532330545738355,-0.8351742428935118,-0.24797397267278729
-0.21355865993785056,-0.4791901829546958,-1.7550464285277823,-0.12904676140064858,-0.5228868435867715,-1.2532330545738355,-0.8351742428935118,-0.24797397267278729
-0.21355865993785056,-0.3777038097558575,0.3745975883508893,-0.12904676140064858,-0.334082574502204,-0.15657526440745315,-0.6697857951520547,-0.2382727427275428
-0.21355865993785056,-0.3777038097558575,-1.7274453492994648,-0.12857533456736875,-0.5116142017314133,-1.2268529702743005,-0.6697857951520547,-0.2382727427275428
-0.21355865993785056,-0.4791901829546958,-1.7550464285277823,-0.12904676140064858,-0.5228868435867715,-1.2532330545738355,-0.8351742428935118,-0.24797397267278729
-0.17623444969960225,-0.07324469015934258,0.7287592267969033,-0.1252654514349157,0.003252296899926934,0.4935053844025158,-0.008232004186226343,-0.20916905289180943
-0.13891023946135397,-0.3777038097558575,0.6959584351969637,-0.12904676140064858,0.0022955173132064824,0.49538967613819684,-0.33900889966914055,-0.2188702828370539
-0.13891023946135397,-0.3777038097558575,-0.7324458105770943,-0.11815322807532933,-0.38362038871604776,-0.6370696570061258,-0.33900889966914055,-0.22857151278229834
-0.21355865993785056,-0.2762174365570192,0.6634248598225193,-0.1160057949858764,-0.19968551358748857,0.44074521580344583,-0.5043973474105977,-0.2188702828370539
-0.17623444969960225,-0.4791901829546958,-1.7432509997830115,-0.12844703705286728,-0.5123148208271163,-1.2570016380451976,-0.6697857951520547,-0.24312335770016505
-0.06426181898485736,-0.4791901829546958,0.45825031750212447,-0.0354758678187884,-0.21366021123686088,0.08838266123108586,-0.33900889966914055,-0.2043184379191872
-0.17623444969960225,-0.3777038097558575,-0.7103444171181482,-0.12904676140064858,-0.26836019860145516,-0.6672183247770229,-0.5043973474105977,-0.2382727427275428
-0.06426181898485736,-0.5806765561535341,0.35209573343642775,-0.11562601454337375,-0.31818656038729204,-0.12265801316519391,-0.33900889966914055,-0.2188702828370539
-0.17623444969960225,-0.4791901829546958,0.3297255966961705,-0.12904676140064858,-0.338086065733536,-0.1848396404426692,-0.6697857951520547,-0.2382727427275428
-0.21355865993785056,-0.2762174365570192,0.6472572598646945,-0.12904676140064858,-0.20606509575525153,0.4426295075391269,-0.5043973474105977,-0.2188702828370539
-0.21355865993785056,-0.4791901829546958,-1.6794833754197065,-0.12904676140064858,-0.5268903348181034,-1.2814974306090516,-0.8351742428935118,-0.24797397267278729
-0.21355865993785056,-0.4791901829546958,-1.7550464285277823,-0.12904676140064858,-0.5266659784916855,-1.2946874727588191,-0.8351742428935118,-0.24797397267278729
-0.10158602922310567,0.028241683039495716,0.7041334533694577,-0.1000603048094915,0.3892840451214663,0.5424969695302236,0.3225448912966879,-0.17036413311083157
-0.17623444969960225,-0.3777038097558575,0.33716774505215236,-0.06024495214168891,-0.3452635457961969,-0.1961453908567556,-0.5043973474105977,-0.2382727427275428
-0.13891023946135397,-0.1747310633581809,0.3222979554528545,-0.12893182634724368,0.23546919799142305,-0.16222813961449636,-0.008232004186226343,-0.22857151278229834
-0.21355865993785056,-0.4791901829546958,-1.9371762563266517,-0.12904676140064858,-0.5324033462371689,-1.3041089314372245,-0.8351742428935118,-0.24797397267278729
-0.21355865993785056,-0.3777038097558575,0.31488477894367484,-0.12633117551429318,-0.3384473566294856,-0.17353389002858277,-0.6697857951520547,-0.24312335770016505
-0.13891023946135397,-0.5806765561535341,-1.2169449616909358,-0.1288765889135476,-0.40224787283488356,-0.9649364190146319,-0.6697857951520547,-0.2382727427275428
-0.06426181898485736,-0.3777038097558575,0.4352554076012178,-0.12689513267141675,-0.05030050132331804,0.06388686866723196,-0.008232004186226343,-0.20916905289180943
0.12235923220638412,-0.2762174365570192,0.9227184818562456,0.0011500048031817948,0.013890363190803055,1.071982947256604,0.487933339038145,-0.005443224041675643
-0.10158602922310567,-0.4791901829546958,0.35209573343642775,-0.06439425802331658,-0.3409936007505084,-0.1773024734999449,-0.5043973474105977,-0.23342212775492058
-0.17623444969960225,-0.2762174365570192,0.34462444306180745,-0.12904676140064858,0.044352071252657825,-0.152806680936091,-0.33900889966914055,-0.2382727427275428
-0.17623444969960225,-0.4791901829546958,0.35958165905134154,-0.12413846801250757,-0.3186367237803877,-0.13396376357928033,-0.6697857951520547,-0.2382727427275428
-0.17623444969960225,-0.3777038097558575,0.31488477894367484,-0.06106123649305808,-0.34280665871482024,-0.1961453908567556,-0.6697857951520547,-0.23342212775492058
0.12235923220638412,-0.3777038097558575,-0.41490851481798324,-0.09936953990756826,-0.1154402719247165,-0.14338522225768566,0.487933339038145,-0.09275429354887584
-0.10158602922310567,-0.4791901829546958,0.3297255966961705,-0.015712414650759943,-0.3263938401811967,-0.1659967230858585,-0.5043973474105977,-0.22372089780967613
-0.17623444969960225,-0.4791901829546958,0.3074860249564789,-0.12904676140064858,-0.3437022627757545,-0.20745114127084202,-0.6697857951520547,-0.2382727427275428
-0.17623444969960225,-0.4791901829546958,0.3074860249564789,-0.09532707146255252,-0.3463470373519445,-0.20745114127084202,-0.6697857951520547,-0.24312335770016505
-0.13891023946135397,-0.4791901829546958,0.35209573343642775,-0.11787556867443245,-0.3053150186554006,-0.10193080407270215,-0.5043973474105977,-0.2188702828370539
-0.17623444969960225,-0.3777038097558575,0.31488477894367484,-0.12904676140064858,-0.15731108261254964,-0.20179826606379883,-0.5043973474105977,-0.24312335770016505
-0.13891023946135397,-0.2762174365570192,0.7868135751143814,-0.06060601940315191,-0.11026042938299135,0.6706288075565363,-0.33900889966914055,-0.19461720797394272
-0.21355865993785056,-0.4791901829546958,-1.5516670056467194,-0.12904676140064858,-0.4930514639261763,-1.209894344653171,-0.8351742428935118,-0.24797397267278729
-0.21355865993785056,-0.4791901829546958,-1.5516670056467194,-0.12904676140064858,-0.4930514639261763,-1.209894344653171,-0.8351742428935118,-0.24797397267278729
-0.026937608746609068,-0.4791901829546958,0.473656449981109,-0.1169783085899891,-0.282906523670912,0.014895283539524157,-0.008232004186226343,-0.19946782294656495
-0.026937608746609068,-0.4791901829546958,-0.6374747674343653,-0.12092560931872202,-0.21978676902226604,-0.5372021950150292,-0.008232004186226343,-0.22372089780967613
-0.21355865993785056,-0.4791901829546958,-1.5684856644412817,-0.12904676140064858,-0.5192041251482505,-1.2532330545738355,-0.8351742428935118,-0.24797397267278729
-0.21355865993785056,-0.3777038097558575,-1.4573682148315938,-0.1287695241203143,-0.49023677235442087,-1.1985885942390846,-0.6697857951520547,-0.24312335770016505
-0.21355865993785056,-0.2762174365570192,0.6553328362424294,-0.12904676140064858,-0.20822719418378288,0.4369766323320837,-0.5043973474105977,-0.2188702828370539
-0.17623444969960225,-0.2762174365570192,0.30010165144471546,-0.10336792465941776,0.03719809138166128,-0.19991397432811775,-0.33900889966914055,-0.2382727427275428
-0.10158602922310567,-0.3777038097558575,0.35958165905134154,-0.12747459644475337,-0.12195279748082932,-0.12642659663655606,-0.33900889966914055,-0.20916905289180943
-0.21355865993785056,-0.3777038097558575,0.31488477894367484,-0.11119116698005493,-0.34054340457092624,-0.20179826606379883,-0.6697857951520547,-0.24312335770016505
-0.17623444969960225,-0.4791901829546958,0.3821276786337053,-0.12904676140064858,-0.3018586021298314,-0.09062505365861573,-0.6697857951520547,-0.2382727427275428
-0.21355865993785056,-0.4791901829546958,-1.843838423986495,-0.12904676140064858,-0.5255397987088228,-1.292803181023138,-0.8351742428935118,-0.24797397267278729
-0.21355865993785056,-0.1747310633581809,0.3745975883508893,-0.11353888111115935,-0.32686234448134904,-0.12265801316519391,-0.33900889966914055,-0.22372089780967613
-0.17623444969960225,1.449050907823232,-0.7269343916622018,-0.01279518450178469,-0.24271633327125716,-0.4731362760018728,0.6533217867796021,-0.0879036785762536
-0.21355865993785056,-0.4791901829546958,0.2927316165211818,-0.12904676140064858,-0.3465725110062784,-0.21498830821356632,-0.8351742428935118,-0.24797397267278729
-0.21355865993785056,-0.4791901829546958,0.2927316165211818,-0.12904676140064858,-0.3465725110062784,-0.21498830821356632,-0.8351742428935118,-0.24797397267278729
-0.21355865993785056,-0.4791901829546958,0.2927316165211818,-0.12904676140064858,-0.3465725110062784,-0.21498830821356632,-0.8351742428935118,-0.24797397267278729
-0.21355865993785056,-0.4791901829546958,0.2927316165211818,-0.12904676140064858,-0.3465725110062784,-0.21498830821356632,-0.8351742428935118,-0.24797397267278729
-0.21355865993785056,-0.3777038097558575,0.2927316165211818,-0.12904676140064858,-0.15776824192171227,-0.21310401647788524,-0.6697857951520547,-0.24797397267278729
-0.21355865993785056,-0.4791901829546958,0.2927316165211818,-0.12904676140064858,-0.3465725110062784,-0.21498830821356632,-0.8351742428935118,-0.24797397267278729
-0.21355865993785056,-0.4791901829546958,0.2927316165211818,-0.12904676140064858,-0.3465725110062784,-0.21498830821356632,-0.8351742428935118,-0.24797397267278729
-0.21355865993785056,-0.4791901829546958,0.2927316165211818,-0.12904676140064858,-0.3465725110062784,-0.21498830821356632,-0.8351742428935118,-0.24797397267278729
-0.21355865993785056,-0.4791901829546958,-1.7432509997830115,-0.12904676140064858,-0.5288141008781165,-1.290918889287457,-0.8351742428935118,-0.24797397267278729
-0.21355865993785056,-0.4791901829546958,0.2927316165211818,-0.12904676140064858,-0.3465725110062784,-0.21498830821356632,-0.8351742428935118,-0.24797397267278729
-0.21355865993785056,-0.4791901829546958,0.2927316165211818,-0.12904676140064858,-0.3465725110062784,-0.21498830821356632,-0.8351742428935118,-0.24797397267278729
-0.21355865993785056,-0.4791901829546958,0.2927316165211818,-0.12904676140064858,-0.3465725110062784,-0.21498830821356632,-0.8351742428935118,-0.24797397267278729
-0.21355865993785056,-0.4791901829546958,0.2927316165211818,-0.12904676140064858,-0.3465725110062784,-0.21498830821356632,-0.8351742428935118,-0.24797397267278729
-0.21355865993785056,-0.4791901829546958,0.2927316165211818,-0.12904676140064858,-0.3465725110062784,-0.21498830821356632,-0.8351742428935118,-0.24797397267278729
-0.21355865993785056,-0.2762174365570192,0.6311552485475759,-0.12904676140064858,-0.025747271943427817,0.41436513150391086,-0.5043973474105977,-0.2382727427275428
-0.21355865993785056,-0.3777038097558575,0.6311552485475759,-0.12904676140064858,-0.21455154102799395,0.4124808397682298,-0.6697857951520547,-0.2382727427275428
-0.21355865993785056,-0.3777038097558575,0.6311552485475759,-0.12904676140064858,-0.21455154102799395,0.4124808397682298,-0.6697857951520547,-0.2382727427275428
-0.21355865993785056,-0.3777038097558575,0.6311552485475759,-0.12904676140064858,-0.21455154102799395,0.4124808397682298,-0.6697857951520547,-0.2382727427275428
-0.21355865993785056,-0.4791901829546958,0.2927316165211818,-0.12904676140064858,-0.3465725110062784,-0.21498830821356632,-0.8351742428935118,-0.24797397267278729
-0.21355865993785056,-0.4791901829546958,0.2927316165211818,-0.12904676140064858,-0.3465725110062784,-0.21498830821356632,-0.8351742428935118,-0.24797397267278729
-0.21355865993785056,-0.3777038097558575,0.6311552485475759,-0.12904676140064858,-0.21455154102799395,0.4124808397682298,-0.6697857951520547,-0.2382727427275428
-0.21355865993785056,-0.4791901829546958,0.2927316165211818,-0.12904676140064858,-0.3465725110062784,-0.21498830821356632,-0.8351742428935118,-0.24797397267278729
-0.21355865993785056,-0.4791901829546958,0.2927316165211818,-0.12904676140064858,-0.3465725110062784,-0.21498830821356632,-0.8351742428935118,-0.24797397267278729
-0.21355865993785056,-0.4791901829546958,0.2927316165211818,-0.12904676140064858,-0.3465725110062784,-0.21498830821356632,-0.8351742428935118,-0.24797397267278729
-0.21355865993785056,-0.4791901829546958,0.2927316165211818,-0.12904676140064858,-0.3465725110062784,-0.21498830821356632,-0.8351742428935118,-0.24797397267278729
-0.21355865993785056,-0.4791901829546958,0.2927316165211818,-0.12904676140064858,-0.3465725110062784,-0.21498830821356632,-0.8351742428935118,-0.24797397267278729
-0.21355865993785056,-0.3777038097558575,0.6311552485475759,-0.12904676140064858,-0.21455154102799395,0.4124808397682298,-0.6697857951520547,-0.2382727427275428
-0.21355865993785056,-0.4791901829546958,0.2927316165211818,-0.12904676140064858,-0.3465725110062784,-0.21498830821356632,-0.8351742428935118,-0.24797397267278729
-0.21355865993785056,-0.4791901829546958,0.2927316165211818,-0.12904676140064858,-0.3465725110062784,-0.21498830821356632,-0.8351742428935118,-0.24797397267278729
-0.21355865993785056,-0.4791901829546958,0.2927316165211818,-0.12904676140064858,-0.3465725110062784,-0.21498830821356632,-0.8351742428935118,-0.24797397267278729
-0.21355865993785056,-0.4791901829546958,0.2927316165211818,-0.12904676140064858,-0.3465725110062784,-0.21498830821356632,-0.8351742428935118,-0.24797397267278729
-0.21355865993785056,-0.4791901829546958,0.2927316165211818,-0.12904676140064858,-0.3465725110062784,-0.21498830821356632,-0.8351742428935118,-0.24797397267278729
-0.21355865993785056,-0.4791901829546958,0.2927316165211818,-0.12904676140064858,-0.3465725110062784,-0.21498830821356632,-0.8351742428935118,-0.24797397267278729
-0.21355865993785056,-0.4791901829546958,0.2927316165211818,-0.12904676140064858,-0.3465725110062784,-0.21498830821356632,-0.8351742428935118,-0.24797397267278729
-0.21355865993785056,-0.4791901829546958,0.2927316165211818,-0.12904676140064858,-0.3465725110062784,-0.21498830821356632,-0.8351742428935118,-0.24797397267278729
-0.21355865993785056,-0.2762174365570192,0.6311552485475759,-0.12904676140064858,-0.025747271943427817,0.41436513150391086,-0.5043973474105977,-0.2382727427275428
-0.21355865993785056,-0.4791901829546958,0.2927316165211818,-0.12904676140064858,-0.3465725110062784,-0.21498830821356632,-0.8351742428935118,-0.24797397267278729
-0.21355865993785056,-0.3777038097558575,0.6311552485475759,-0.12904676140064858,-0.21455154102799395,0.4124808397682298,-0.6697857951520547,-0.2382727427275428
-0.21355865993785056,-0.4791901829546958,0.2927316165211818,-0.12904676140064858,-0.3465725110062784,-0.21498830821356632,-0.8351742428935118,-0.24797397267278729
-0.21355865993785056,-0.4791901829546958,0.2927316165211818,-0.12904676140064858,-0.3465725110062784,-0.21498830821356632,-0.8351742428935118,-0.24797397267278729
-0.21355865993785056,-0.4791901829546958,0.2927316165211818,-0.12904676140064858,-0.3465725110062784,-0.21498830821356632,-0.8351742428935118,-0.24797397267278729
-0.21355865993785056,-0.3777038097558575,0.6311552485475759,-0.12904676140064858,-0.21455154102799395,0.4124808397682298,-0.6697857951520547,-0.2382727427275428
-0.21355865993785056,-0.4791901829546958,0.2927316165211818,-0.12904676140064858,-0.3465725110062784,-0.21498830821356632,-0.8351742428935118,-0.24797397267278729
-0.21355865993785056,-0.4791901829546958,0.2927316165211818,-0.12904676140064858,-0.3465725110062784,-0.21498830821356632,-0.8351742428935118,-0.24797397267278729
-0.21355865993785056,-0.2762174365570192,0.6311552485475759,-0.12904676140064858,-0.025747271943427817,0.41436513150391086,-0.5043973474105977,-0.2382727427275428
-0.21355865993785056,-0.4791901829546958,0.2927316165211818,-0.12904676140064858,-0.3465725110062784,-0.21498830821356632,-0.8351742428935118,-0.24797397267278729
-0.21355865993785056,-0.4791901829546958,0.2927316165211818,-0.12904676140064858,-0.3465725110062784,-0.21498830821356632,-0.8351742428935118,-0.24797397267278729
-0.21355865993785056,-0.3777038097558575,0.6311552485475759,-0.12904676140064858,-0.21455154102799395,0.4124808397682298,-0.6697857951520547,-0.2382727427275428
-0.21355865993785056,-0.2762174365570192,0.6311552485475759,-0.12904676140064858,-0.08253057104970947,0.41436513150391086,-0.5043973474105977,-0.2382727427275428
-0.21355865993785056,-0.4791901829546958,0.2927316165211818,-0.12904676140064858,-0.3465725110062784,-0.21498830821356632,-0.8351742428935118,-0.24797397267278729
-0.21355865993785056,-0.4791901829546958,0.2927316165211818,-0.12904676140064858,-0.3465725110062784,-0.21498830821356632,-0.8351742428935118,-0.24797397267278729
-0.17623444969960225,-0.4791901829546958,0.2927316165211818,-0.12904676140064858,-0.15776824192171227,-0.21310401647788524,-0.6697857951520547,-0.24797397267278729
-0.21355865993785056,-0.4791901829546958,0.2927316165211818,-0.12904676140064858,-0.3465725110062784,-0.21498830821356632,-0.8351742428935118,-0.24797397267278729
-0.21355865993785056,-0.3777038097558575,0.2927316165211818,-0.12904676140064858,-0.15776824192171227,-0.21310401647788524,-0.6697857951520547,-0.24797397267278729
-0.21355865993785056,-0.4791901829546958,-0.7762062009605333,-0.12904676140064858,-0.40335581011256005,-0.6841769503981526,-0.8351742428935118,-0.24797397267278729
-0.21355865993785056,-0.4791901829546958,-0.7762062009605333,-0.12904676140064858,-0.40335581011256005,-0.6841769503981526,-0.8351742428935118,-0.24797397267278729
-0.21355865993785056,-0.4791901829546958,-0.7762062009605333,-0.12904676140064858,-0.40335581011256005,-0.6841769503981526,-0.8351742428935118,-0.24797397267278729
-0.21355865993785056,-0.4791901829546958,-0.7762062009605333,-0.12904676140064858,-0.40335581011256005,-0.6841769503981526,-0.8351742428935118,-0.24797397267278729
-0.21355865993785056,-0.4791901829546958,-0.7762062009605333,-0.12904676140064858,-0.40335581011256005,-0.6841769503981526,-0.8351742428935118,-0.24797397267278729
-0.21355865993785056,-0.4791901829546958,-0.7762062009605333,-0.12904676140064858,-0.40335581011256005,-0.6841769503981526,-0.8351742428935118,-0.24797397267278729
-0.10158602922310567,-0.4791901829546958,-1.4311101528456889,-0.12763632536378677,-0.4326583805152793,-1.1382912586972902,-0.33900889966914055,-0.23342212775492058
-0.21355865993785056,-0.4791901829546958,-0.7762062009605333,-0.12904676140064858,-0.40335581011256005,-0.6841769503981526,-0.8351742428935118,-0.24797397267278729
-0.21355865993785056,-0.4791901829546958,0.2927316165211818,-0.12904676140064858,-0.3465725110062784,-0.21498830821356632,-0.8351742428935118,-0.24797397267278729
-0.21355865993785056,-0.4791901829546958,0.2927316165211818,-0.12904676140064858,-0.3465725110062784,-0.21498830821356632,-0.8351742428935118,-0.24797397267278729
-0.21355865993785056,-0.4791901829546958,0.2927316165211818,-0.12904676140064858,-0.3465725110062784,-0.21498830821356632,-0.8351742428935118,-0.24797397267278729
-0.21355865993785056,-0.4791901829546958,0.2927316165211818,-0.12904676140064858,-0.3465725110062784,-0.21498830821356632,-0.8351742428935118,-0.24797397267278729
-0.21355865993785056,-0.4791901829546958,0.2927316165211818,-0.12904676140064858,-0.3465725110062784,-0.21498830821356632,-0.8351742428935118,-0.24797397267278729
-0.21355865993785056,-0.4791901829546958,0.2927316165211818,-0.12904676140064858,-0.3465725110062784,-0.21498830821356632,-0.8351742428935118,-0.24797397267278729
-0.21355865993785056,-0.4791901829546958,0.2927316165211818,-0.12904676140064858,-0.3465725110062784,-0.21498830821356632,-0.8351742428935118,-0.24797397267278729
-0.21355865993785056,-0.4791901829546958,0.2927316165211818,-0.12904676140064858,-0.3465725110062784,-0.21498830821356632,-0.8351742428935118,-0.24797397267278729
-0.026937608746609068,3.275805625402321,-0.07173772605225259,0.28205826148488156,0.536883276244003,0.7968763538471679,1.9764293687112588,0.901621775838682
-0.17623444969960225,-0.4791901829546958,-0.7762062009605333,-0.12904676140064858,-0.2713348401342756,-0.6822926586624715,-0.6697857951520547,-0.24797397267278729
-0.17623444969960225,-0.3777038097558575,-0.6656917290623839,-0.12609255116485718,-0.36848478031713555,-0.5673508627859263,-0.5043973474105977,-0.22857151278229834
-0.21355865993785056,-0.4791901829546958,-0.7762062009605333,-0.12904676140064858,-0.40335581011256005,-0.6841769503981526,-0.8351742428935118,-0.24797397267278729
-0.21355865993785056,-0.4791901829546958,-0.7762062009605333,-0.12904676140064858,-0.40335581011256005,-0.6841769503981526,-0.8351742428935118,-0.24797397267278729
-0.17623444969960225,-0.4791901829546958,-1.711549380813647,-0.12904676140064858,-0.4854467915899122,-1.24381159589543,-0.6697857951520547,-0.24797397267278729
-0.17623444969960225,-0.4791901829546958,-0.7379479821445951,-0.12645197373679118,-0.3942681969786404,-0.6464911156845312,-0.6697857951520547,-0.24312335770016505
-0.17623444969960225,-0.4791901829546958,-1.7075611857183093,-0.12904676140064858,-0.493453553285959,-1.2494644711024734,-0.6697857951520547,-0.24797397267278729
-0.21355865993785056,-0.4791901829546958,0.2927316165211818,-0.12904676140064858,-0.3465725110062784,-0.21498830821356632,-0.8351742428935118,-0.24797397267278729
17.51544120323009,10.176879002923325,5.94842146699517,19.94054011294397,12.131841555686457,6.869948617947254,4.126479189350201,13.469565169902888
10.087923365818678,5.102560342981411,3.0005057517237463,5.625898285852436,8.322147786088205,5.422812564944193,4.126479189350201,10.500988806658082
