student_id,BehvEngmnt,CognEngmnt,EmotEngmnt,profile,AssignmentProbability,Entropy,ProbProfile1,ProbProfile2,ProbProfile3
1,3.75,3.1429,4.4,1,0.8942,0.3474,0.8942,0.002,0.1038
2,4.0,3.7143,2.0,3,0.9342,0.2427,0.0658,0.0,0.9342
3,4.25,3.8571,4.0,1,0.9816,0.0997,0.9816,0.003,0.0154
4,3.75,2.5714,3.0,3,0.6792,0.6275,0.3208,0.0,0.6792
5,4.25,3.0,4.0,1,0.9493,0.204,0.9493,0.0006,0.0501
6,4.0,3.7143,3.8,1,0.9675,0.1435,0.9675,0.0,0.0325
7,3.5,2.1429,3.2,3,0.873,0.3806,0.127,0.0,0.873
8,4.75,3.5714,1.6,3,0.9904,0.0543,0.0096,0.0,0.9904
9,3.25,2.7143,3.0,3,0.9138,0.2936,0.0862,0.0,0.9138
10,5.0,4.4286,4.8,2,0.9928,0.0433,0.0071,0.9928,0.0001
11,4.75,3.5714,4.8,2,0.9407,0.2318,0.0579,0.9407,0.0014
12,4.0,2.5714,2.8,3,0.6877,0.6209,0.3123,0.0,0.6877
13,4.0,2.4286,3.2,1,0.5409,0.6898,0.5409,0.0,0.4591
14,4.25,3.8571,4.2,1,0.9426,0.2515,0.9426,0.0436,0.0138
15,4.25,2.8571,2.4,3,0.8133,0.4814,0.1867,0.0,0.8133
16,3.75,3.2857,3.6,1,0.8706,0.3852,0.8706,0.0,0.1294
17,4.0,3.7143,4.4,1,0.9258,0.3119,0.9258,0.0487,0.0254
18,4.0,3.1429,4.0,1,0.94,0.2281,0.94,0.0001,0.0599
19,4.5,2.9165,4.0,1,0.9515,0.2023,0.9515,0.0019,0.0466
20,4.0,2.4286,3.0,3,0.6004,0.6728,0.3996,0.0,0.6004
21,4.75,3.2857,4.4,1,0.5133,0.7533,0.5133,0.4736,0.0132
22,4.0,2.1429,1.8,3,0.9986,0.0106,0.0014,0.0,0.9986
23,3.5,3.1429,3.0,3,0.6379,0.6546,0.3621,0.0,0.6379
24,4.5,3.5714,4.0,1,0.9769,0.1229,0.9769,0.0057,0.0175
25,4.75,2.9165,4.4,1,0.6319,0.761,0.6319,0.3385,0.0296
1,4.75,2.7143,2.2,3,0.9227,0.2721,0.0773,0.0,0.9227
2,4.25,3.0,3.6,1,0.9246,0.2674,0.9246,0.0,0.0754
3,4.1711,3.7143,4.8,2,0.6472,0.6945,0.3428,0.6472,0.01
4,5.0,4.5714,4.6,2,0.9881,0.065,0.0118,0.9881,0.0001
5,3.0,2.7143,2.4,3,0.9974,0.0183,0.0026,0.0,0.9974
6,4.0,2.9165,3.6098,1,0.8757,0.3754,0.8757,0.0,0.1243
7,4.25,3.5714,2.6,1,0.6256,0.6613,0.6256,0.0,0.3744
8,4.25,2.8571,3.2,1,0.8049,0.4935,0.8049,0.0,0.1951
10,4.75,3.0,3.4,1,0.9142,0.2928,0.9142,0.0,0.0858
11,4.1711,2.2857,3.0,3,0.5979,0.6739,0.4021,0.0,0.5979
12,5.0,3.4286,3.6,1,0.961,0.1647,0.961,0.0,0.039
13,4.1711,2.9165,2.2,3,0.9208,0.2769,0.0792,0.0,0.9208
14,3.75,1.7143,3.4,3,0.8386,0.442,0.1614,0.0,0.8386
15,5.0,3.8571,4.4,2,0.7721,0.554,0.2246,0.7721,0.0033
16,4.5,1.8571,2.0,3,0.9956,0.0282,0.0044,0.0,0.9956
18,4.0,2.2857,4.8,1,0.655,0.7883,0.655,0.0507,0.2943
19,3.0,2.7143,3.4,3,0.9292,0.2557,0.0708,0.0,0.9292
20,4.25,3.8571,4.8,2,0.8,0.5212,0.1957,0.8,0.0043
21,4.75,4.4286,5.0,2,0.9928,0.0432,0.0071,0.9928,0.0001
22,4.5,3.4286,4.2,1,0.9185,0.3263,0.9185,0.0628,0.0187
1,4.5,3.5714,3.8,1,0.9791,0.1028,0.9791,0.0002,0.0207
2,4.0,2.5714,3.6,1,0.7847,0.5209,0.7847,0.0,0.2153
3,3.75,2.7143,4.0,1,0.7979,0.5034,0.7979,0.0,0.2021
4,3.75,3.1429,4.2,1,0.8989,0.3292,0.8989,0.0002,0.1008
5,4.5,3.7143,4.4,1,0.5069,0.7311,0.5069,0.4858,0.0073
6,3.75,2.4286,4.4,1,0.6981,0.6171,0.6981,0.0007,0.3012
7,5.0,3.4286,5.0,2,0.9525,0.2005,0.0452,0.9525,0.0023
8,4.0,3.1429,4.8,1,0.7705,0.6788,0.7705,0.1607,0.0688
9,4.75,3.2857,5.0,2,0.9243,0.283,0.072,0.9243,0.0037
10,5.0,5.0,5.0,2,0.9989,0.0089,0.0011,0.9989,0.0
11,5.0,4.7143,5.0,2,0.9974,0.0183,0.0026,0.9974,0.0
12,4.25,2.9165,3.4,1,0.88,0.3669,0.88,0.0,0.12
13,3.75,3.0,2.6,3,0.8033,0.4959,0.1967,0.0,0.8033
14,3.75,2.8571,3.8,1,0.8127,0.4823,0.8127,0.0,0.1873
15,4.75,3.7143,4.6,2,0.8973,0.3394,0.101,0.8973,0.0017
16,3.25,1.7143,1.8,3,1.0,0.0004,0.0,0.0,1.0
17,5.0,3.0,4.4,1,0.5486,0.7909,0.5486,0.4243,0.0271
18,4.25,2.9165,4.8,1,0.5245,0.8402,0.5245,0.4307,0.0447
20,3.0,2.9165,4.0,3,0.8023,0.4972,0.1977,0.0,0.8023
21,2.75,3.1429,4.0,3,0.9229,0.2716,0.0771,0.0,0.9229
22,4.0,3.0,4.2,1,0.9282,0.2666,0.9282,0.0018,0.07
23,4.25,2.4286,4.2,1,0.8694,0.4076,0.8694,0.0047,0.1259
24,3.25,2.2857,4.6,3,0.8152,0.4787,0.1848,0.0,0.8152
25,4.75,3.5714,4.2,1,0.833,0.4987,0.833,0.1532,0.0138
1,4.75,3.7143,4.2,1,0.7964,0.5481,0.7964,0.1926,0.011
2,2.75,2.2857,4.2,3,0.9826,0.0879,0.0174,0.0,0.9826
3,3.25,1.0,4.6,3,0.992,0.0468,0.008,0.0,0.992
4,4.25,4.8571,5.0,2,0.9846,0.0808,0.0152,0.9846,0.0002
5,5.0,3.7143,2.8,1,0.8176,0.475,0.8176,0.0,0.1824
6,5.0,5.0,5.0,2,0.9989,0.0089,0.0011,0.9989,0.0
7,4.75,4.2857,5.0,2,0.9897,0.058,0.0101,0.9897,0.0002
8,2.5,1.8571,2.6,3,1.0,0.0005,0.0,0.0,1.0
9,4.75,2.2857,2.8,3,0.6744,0.6311,0.3256,0.0,0.6744
10,4.25,4.1429,5.0,2,0.907,0.3193,0.0909,0.907,0.0021
11,4.25,4.5714,4.8,2,0.9568,0.1806,0.0427,0.9568,0.0005
12,4.25,2.4286,1.0,3,1.0,0.0002,0.0,0.0,1.0
13,4.0,2.8571,3.6,1,0.862,0.4014,0.862,0.0,0.138
14,3.75,2.9165,3.4,1,0.7181,0.5948,0.7181,0.0,0.2819
15,4.0,2.7143,4.0,1,0.8813,0.3649,0.8813,0.0001,0.1186
16,4.75,3.2857,5.0,2,0.9243,0.283,0.072,0.9243,0.0037
17,4.75,3.7143,4.8,2,0.9544,0.1898,0.0447,0.9544,0.0009
18,4.1711,3.4286,4.4,1,0.8827,0.4234,0.8827,0.0915,0.0258
19,2.25,2.1429,5.0,3,0.9998,0.0017,0.0002,0.0,0.9998
20,3.25,3.7143,4.4,1,0.7456,0.5673,0.7456,0.0,0.2544
21,3.75,3.2857,4.0,1,0.9123,0.2973,0.9123,0.0,0.0876
22,4.0,3.0,4.0,1,0.9252,0.2666,0.9252,0.0001,0.0746
23,4.75,3.8571,3.4,1,0.9728,0.1247,0.9728,0.0,0.0272
24,4.25,2.2857,5.0,1,0.5112,1.0269,0.5112,0.2788,0.2101
25,5.0,5.0,5.0,2,0.9989,0.0089,0.0011,0.9989,0.0
1,4.1711,4.0,2.8,1,0.8429,0.4349,0.8429,0.0,0.1571
2,5.0,3.5714,4.0,1,0.9642,0.1785,0.9642,0.015,0.0208
3,4.0,1.7143,4.0,3,0.5521,0.6879,0.4478,0.0,0.5521
4,3.75,4.2857,3.0,1,0.8423,0.4358,0.8423,0.0,0.1577
5,3.75,3.7143,3.4,1,0.8931,0.3399,0.8931,0.0,0.1069
6,3.0,2.4286,2.2,3,0.9994,0.0048,0.0006,0.0,0.9994
7,5.0,4.0,4.8,2,0.9801,0.0996,0.0196,0.9801,0.0004
8,3.75,3.2857,1.8,3,0.9936,0.0386,0.0064,0.0,0.9936
9,4.0,2.8571,4.0,1,0.9061,0.3122,0.9061,0.0001,0.0938
10,5.0,3.7143,4.6,2,0.9182,0.2909,0.0802,0.9182,0.0016
11,4.5,3.1429,4.2,1,0.9308,0.2986,0.9308,0.04,0.0292
12,3.75,1.8571,3.6,3,0.7154,0.5973,0.2846,0.0,0.7154
13,4.5,4.1429,3.6098,1,0.9859,0.0742,0.9859,0.0,0.0141
14,4.25,3.2857,4.2,1,0.9549,0.2126,0.9549,0.0153,0.0298
15,4.0,2.7143,3.6,1,0.8277,0.4596,0.8277,0.0,0.1723
16,4.75,3.2857,4.4,1,0.5133,0.7533,0.5133,0.4736,0.0132
17,4.75,3.5714,4.0,1,0.9711,0.1504,0.9711,0.0117,0.0172
18,3.5,2.0,5.0,3,0.8394,0.4415,0.1605,0.0001,0.8394
19,2.5,2.8571,3.2,3,0.9973,0.0187,0.0027,0.0,0.9973
20,4.25,3.7143,5.0,2,0.7931,0.5413,0.1996,0.7931,0.0073
21,4.75,4.1429,3.8,1,0.9878,0.0703,0.9878,0.0014,0.0108
22,4.0,3.1429,3.8,1,0.9299,0.2539,0.9299,0.0,0.0701
24,5.0,5.0,5.0,2,0.9989,0.0089,0.0011,0.9989,0.0
1,3.0,2.9165,1.4,3,1.0,0.0001,0.0,0.0,1.0
2,3.25,2.9165,4.4,3,0.5282,0.6916,0.4718,0.0,0.5282
3,3.75,3.0,3.6,1,0.8098,0.4866,0.8098,0.0,0.1902
4,3.75,3.5714,3.6098,1,0.911,0.3002,0.911,0.0,0.089
5,4.25,2.0,3.8,1,0.6788,0.6279,0.6788,0.0,0.3212
6,3.25,1.7143,2.8,3,0.9948,0.0327,0.0052,0.0,0.9948
7,4.25,2.2857,2.2,3,0.9728,0.1249,0.0272,0.0,0.9728
8,4.5,2.1429,3.2,1,0.5468,0.6888,0.5468,0.0,0.4532
9,3.0,3.0,3.6,3,0.8446,0.4319,0.1554,0.0,0.8446
10,4.75,4.4286,5.0,2,0.9928,0.0432,0.0071,0.9928,0.0001
11,4.5,3.4286,4.8,2,0.8543,0.4346,0.1414,0.8543,0.0043
12,3.5,2.5714,1.8,3,0.9992,0.0065,0.0008,0.0,0.9992
13,3.5,3.2857,3.6098,1,0.7469,0.5657,0.7469,0.0,0.2531
14,3.0,2.1429,4.6,3,0.955,0.1836,0.045,0.0,0.955
15,3.75,3.5714,3.8,1,0.9295,0.2549,0.9295,0.0,0.0705
16,3.25,1.8571,3.4,3,0.96,0.168,0.04,0.0,0.96
17,3.5,2.5714,3.8,1,0.5223,0.6922,0.5223,0.0,0.4777
18,3.0,2.0,3.6098,3,0.976,0.1133,0.024,0.0,0.976
19,3.5,2.1429,3.0,3,0.9241,0.2687,0.0759,0.0,0.9241
1,4.5,3.1429,4.6,2,0.6036,0.7326,0.3822,0.6036,0.0142
2,5.0,2.9165,4.2,1,0.878,0.4527,0.878,0.0735,0.0484
3,4.5,2.0,3.6,1,0.6676,0.6358,0.6676,0.0,0.3324
4,4.75,3.5714,3.2,1,0.9403,0.226,0.9403,0.0,0.0597
5,4.25,3.7143,4.2,1,0.9506,0.2282,0.9506,0.0329,0.0165
6,5.0,3.2857,3.2,1,0.8963,0.3331,0.8963,0.0,0.1037
7,4.0,2.8571,4.4,1,0.8983,0.3652,0.8983,0.0118,0.0899
8,4.25,3.4286,4.0,1,0.9724,0.1316,0.9724,0.0013,0.0263
9,4.75,1.4286,1.4,3,1.0,0.0004,0.0,0.0,1.0
10,4.25,1.8571,1.4,3,0.9999,0.0008,0.0001,0.0,0.9999
11,4.25,3.5714,2.8,1,0.7835,0.5225,0.7835,0.0,0.2165
12,4.0,2.7143,3.6098,1,0.8299,0.4561,0.8299,0.0,0.1701
13,4.5,2.8571,4.6,2,0.5003,0.8021,0.4713,0.5003,0.0284
14,4.5,3.2857,2.8,1,0.7502,0.5621,0.7502,0.0,0.2498
15,3.75,2.5714,3.4,1,0.5723,0.6827,0.5723,0.0,0.4277
16,4.75,3.4286,4.6,2,0.8362,0.4641,0.16,0.8362,0.0038
17,3.75,1.2857,1.0,3,1.0,0.0,0.0,0.0,1.0
18,3.5,2.0,2.8,3,0.9707,0.1323,0.0293,0.0,0.9707
19,4.25,3.4286,3.2,1,0.9116,0.2988,0.9116,0.0,0.0884
20,3.75,2.0,3.6098,3,0.6371,0.6551,0.3629,0.0,0.6371
21,4.5,4.7143,4.6,2,0.9787,0.1039,0.0212,0.9787,0.0001
22,4.0,2.8571,3.0,1,0.6037,0.6715,0.6037,0.0,0.3963
23,4.1711,1.4286,3.0,3,0.9239,0.2691,0.0761,0.0,0.9239
24,4.25,3.2857,2.8,1,0.7072,0.6046,0.7072,0.0,0.2928
25,3.0,3.0,3.4,3,0.8872,0.3523,0.1128,0.0,0.8872
1,4.5,2.1429,4.2,1,0.8126,0.5262,0.8126,0.0117,0.1758
2,3.75,2.2857,3.6098,1,0.5209,0.6923,0.5209,0.0,0.4791
3,3.5,2.9165,3.6098,1,0.6177,0.6652,0.6177,0.0,0.3823
4,4.75,3.1429,4.2,1,0.8925,0.4026,0.8925,0.0798,0.0277
5,5.0,4.0,4.2,1,0.6334,0.6945,0.6334,0.3589,0.0077
7,3.75,2.5714,3.8,1,0.7169,0.5959,0.7169,0.0,0.2831
8,4.75,2.4286,3.6098,1,0.842,0.4364,0.842,0.0,0.158
9,4.1711,2.1429,3.2,3,0.5355,0.6906,0.4645,0.0,0.5355
10,4.5,3.0,4.4,1,0.7523,0.6529,0.7523,0.2169,0.0309
11,4.25,3.2857,4.4,1,0.8589,0.4768,0.8589,0.1134,0.0277
12,4.1711,2.9165,3.2,1,0.8039,0.495,0.8039,0.0,0.1961
13,4.5,2.9165,3.8,1,0.9452,0.213,0.9452,0.0001,0.0547
14,4.5,2.4286,3.8,1,0.8716,0.3837,0.8716,0.0,0.1284
15,4.5,3.7143,4.8,2,0.9096,0.3125,0.0886,0.9096,0.0019
16,4.5,3.2857,3.6098,1,0.9607,0.1656,0.9607,0.0,0.0392
18,4.0,2.4286,3.6098,1,0.7348,0.5784,0.7348,0.0,0.2652
19,4.75,2.7143,4.6,2,0.6328,0.7523,0.3408,0.6328,0.0264
20,4.75,2.2857,4.4,1,0.6968,0.8135,0.6968,0.1908,0.1124
21,4.0,2.5714,3.0,3,0.5294,0.6914,0.4706,0.0,0.5294
22,5.0,3.4286,3.4,1,0.9446,0.2142,0.9446,0.0,0.0554
23,4.75,4.2857,5.0,2,0.9897,0.058,0.0101,0.9897,0.0002
24,4.0,2.5714,4.8,1,0.7412,0.7273,0.7412,0.0747,0.1841
25,4.5,2.4286,3.8,1,0.8716,0.3837,0.8716,0.0,0.1284
1,4.25,3.2857,4.0,1,0.9667,0.1504,0.9667,0.001,0.0322
2,5.0,4.4286,4.8,2,0.9928,0.0433,0.0071,0.9928,0.0001
3,3.25,3.5714,2.2,3,0.9863,0.0722,0.0137,0.0,0.9863
4,4.5,3.7143,4.4,1,0.5069,0.7311,0.5069,0.4858,0.0073
5,5.0,1.5714,2.8,3,0.9335,0.2446,0.0665,0.0,0.9335
6,4.5,3.1429,4.8,2,0.784,0.5614,0.2064,0.784,0.0097
8,5.0,3.2857,3.6098,1,0.9531,0.1893,0.9531,0.0,0.0469
9,4.75,2.9165,3.8,1,0.9457,0.2121,0.9457,0.0001,0.0542
10,4.0,3.7143,2.8,1,0.7394,0.5737,0.7394,0.0,0.2606
11,4.75,2.2857,4.0,1,0.8555,0.4231,0.8555,0.0019,0.1427
13,4.1711,2.9165,3.6098,1,0.906,0.3117,0.906,0.0,0.094
14,5.0,3.8571,5.0,2,0.9789,0.1049,0.0205,0.9789,0.0006
16,3.75,3.7143,3.6,1,0.9236,0.2698,0.9236,0.0,0.0764
18,4.75,3.7143,4.6,2,0.8973,0.3394,0.101,0.8973,0.0017
19,4.0,2.9165,3.6098,1,0.8757,0.3754,0.8757,0.0,0.1243
20,4.75,1.8571,3.4,3,0.5011,0.6931,0.4989,0.0,0.5011
21,3.75,2.4286,3.0,3,0.7388,0.5743,0.2612,0.0,0.7388
22,4.5,2.0,3.6098,1,0.6711,0.6334,0.6711,0.0,0.3289
24,3.0,3.2857,3.2,3,0.8884,0.3498,0.1116,0.0,0.8884
1,3.0,2.9165,3.0,3,0.9626,0.1596,0.0374,0.0,0.9626
2,4.25,2.7143,3.8,1,0.9058,0.3124,0.9058,0.0,0.0942
3,5.0,3.7143,4.6,2,0.9182,0.2909,0.0802,0.9182,0.0016
4,4.25,2.4286,2.2,3,0.9635,0.1566,0.0365,0.0,0.9635
5,5.0,4.1429,4.8,2,0.9855,0.0768,0.0142,0.9855,0.0002
7,4.1711,2.4286,3.2,1,0.6171,0.6655,0.6171,0.0,0.3829
8,4.25,1.1429,2.2,3,0.9985,0.0114,0.0015,0.0,0.9985
9,5.0,2.0,2.8,3,0.8279,0.4592,0.1721,0.0,0.8279
10,5.0,2.0,2.0,3,0.9949,0.0322,0.0051,0.0,0.9949
11,3.5,3.2857,4.4,1,0.8228,0.4684,0.8228,0.0002,0.1771
12,3.0,3.2857,3.6,3,0.7747,0.5336,0.2253,0.0,0.7747
14,5.0,3.5714,4.2,1,0.7953,0.563,0.7953,0.1886,0.016
15,5.0,3.4286,4.8,2,0.9399,0.2365,0.058,0.9399,0.0021
16,4.0,3.2857,2.6,3,0.5784,0.6808,0.4216,0.0,0.5784
17,4.75,2.4286,3.0,1,0.5614,0.6856,0.5614,0.0,0.4386
19,4.75,3.2857,4.4,1,0.5133,0.7533,0.5133,0.4736,0.0132
21,3.75,2.5714,3.0,3,0.6792,0.6275,0.3208,0.0,0.6792
22,4.0,2.8571,2.0,3,0.981,0.094,0.019,0.0,0.981
23,4.5,2.4286,3.0,1,0.5588,0.6862,0.5588,0.0,0.4412
24,4.5,2.5714,3.6,1,0.8739,0.3788,0.8739,0.0,0.1261
25,3.5,2.8571,3.2,3,0.6178,0.6651,0.3822,0.0,0.6178
26,3.0,3.2857,2.6,3,0.9835,0.0839,0.0165,0.0,0.9835
1,4.0,3.0,4.4,1,0.9142,0.3317,0.9142,0.0145,0.0713
2,4.25,2.9165,2.8,1,0.5695,0.6835,0.5695,0.0,0.4305
3,5.0,3.8571,4.2,1,0.6988,0.6555,0.6988,0.2913,0.0099
4,3.25,3.0,3.6098,3,0.6042,0.6713,0.3958,0.0,0.6042
5,4.0,3.4286,3.4,1,0.9152,0.2904,0.9152,0.0,0.0848
6,3.75,1.2857,1.4,3,1.0,0.0001,0.0,0.0,1.0
7,3.75,3.1429,3.6,1,0.8435,0.4339,0.8435,0.0,0.1565
8,4.75,3.5714,3.4,1,0.9619,0.162,0.9619,0.0,0.0381
9,4.0,3.4286,3.4,1,0.9152,0.2904,0.9152,0.0,0.0848
10,5.0,3.2857,4.6,2,0.8365,0.47,0.1579,0.8365,0.0056
11,4.5,3.8571,3.6,1,0.9809,0.0947,0.9809,0.0,0.0191
12,2.75,1.5714,2.8,3,0.9998,0.0022,0.0002,0.0,0.9998
13,4.25,1.8571,2.0,3,0.9965,0.0235,0.0035,0.0,0.9965
14,5.0,3.5714,4.8,2,0.9531,0.1953,0.0455,0.9531,0.0014
15,4.5,4.0,4.2,1,0.8188,0.5068,0.8188,0.1729,0.0083
16,5.0,2.4286,3.4,1,0.7487,0.5638,0.7487,0.0,0.2513
18,4.25,3.0,2.4,3,0.7725,0.5363,0.2275,0.0,0.7725
19,4.5,3.1429,4.2,1,0.9308,0.2986,0.9308,0.04,0.0292
20,3.75,2.4286,1.4,3,0.9999,0.001,0.0001,0.0,0.9999
21,5.0,2.1429,3.4,1,0.6159,0.666,0.6159,0.0,0.3841
22,4.0,1.5714,3.2,3,0.8648,0.3962,0.1352,0.0,0.8648
23,3.75,2.5714,3.4,1,0.5723,0.6827,0.5723,0.0,0.4277
24,4.75,3.0,3.6098,1,0.9399,0.2272,0.9399,0.0,0.0601
25,4.75,1.8571,3.6098,1,0.594,0.6754,0.594,0.0,0.406
1,4.75,4.2857,4.8,2,0.9868,0.0712,0.0131,0.9868,0.0001
2,4.1711,2.9165,3.6098,1,0.906,0.3117,0.906,0.0,0.094
3,4.5,3.2857,3.8,1,0.9691,0.1385,0.9691,0.0001,0.0307
4,3.0,2.2857,3.6098,3,0.9551,0.1832,0.0449,0.0,0.9551
5,4.0,3.4286,4.0,1,0.96,0.1694,0.96,0.0002,0.0398
6,4.5,2.2857,4.2,1,0.8521,0.4645,0.8521,0.0136,0.1343
8,4.5,3.0,1.6,3,0.996,0.0263,0.004,0.0,0.996
9,4.1711,3.1429,3.0,1,0.772,0.5369,0.772,0.0,0.228
10,4.75,3.7143,4.4,2,0.6629,0.6641,0.3324,0.6629,0.0047
12,5.0,2.2857,4.8,2,0.7465,0.7001,0.1974,0.7465,0.0561
13,4.5,3.5714,4.4,1,0.5727,0.7297,0.5727,0.4174,0.0099
14,4.5,3.8571,4.0,1,0.9777,0.1221,0.9777,0.0099,0.0123
15,2.5,1.5714,3.8,3,0.9995,0.0041,0.0005,0.0,0.9995
16,3.25,3.0,3.6098,3,0.6042,0.6713,0.3958,0.0,0.6042
18,4.25,1.4286,2.8,3,0.9551,0.1833,0.0449,0.0,0.9551
19,4.5,3.7143,4.0,1,0.978,0.12,0.978,0.0074,0.0146
20,3.25,2.1429,3.6,3,0.8943,0.3374,0.1057,0.0,0.8943
21,5.0,3.5714,4.2,1,0.7953,0.563,0.7953,0.1886,0.016
23,4.75,3.0,5.0,2,0.8853,0.3871,0.106,0.8853,0.0087
24,4.75,2.2857,4.2,1,0.8409,0.5121,0.8409,0.0279,0.1312
25,3.25,1.8571,3.6098,3,0.9423,0.2206,0.0577,0.0,0.9423
1,4.25,3.4286,2.4,3,0.6354,0.656,0.3646,0.0,0.6354
2,4.25,2.5714,3.8,1,0.8794,0.3682,0.8794,0.0,0.1206
3,4.0,2.4286,3.6,1,0.7318,0.5815,0.7318,0.0,0.2682
4,1.0,1.0,1.0,3,1.0,-0.0,0.0,0.0,1.0
5,3.0,3.2857,3.6,3,0.7747,0.5336,0.2253,0.0,0.7747
6,4.75,3.1429,3.6,1,0.9512,0.1949,0.9512,0.0,0.0488
7,4.5,1.7143,3.8,1,0.5661,0.6845,0.5661,0.0,0.4339
8,4.5,3.2857,3.8,1,0.9691,0.1385,0.9691,0.0001,0.0307
9,4.5,3.8571,4.8,2,0.931,0.2571,0.0678,0.931,0.0012
10,4.0,2.0,2.6,3,0.9427,0.2194,0.0573,0.0,0.9427
11,5.0,2.5714,4.2,1,0.8615,0.4915,0.8615,0.048,0.0905
12,4.5,3.0,3.0,1,0.7881,0.5165,0.7881,0.0,0.2119
13,5.0,3.0,3.4,1,0.8974,0.3307,0.8974,0.0,0.1026
14,5.0,2.5714,2.6,3,0.7511,0.5611,0.2489,0.0,0.7511
15,4.5,3.1429,4.0,1,0.965,0.1614,0.965,0.0027,0.0323
1,4.75,3.7143,4.8,2,0.9544,0.1898,0.0447,0.9544,0.0009
2,4.5,3.5714,4.8,2,0.884,0.3722,0.1132,0.884,0.0028
3,5.0,3.5714,3.6098,1,0.9682,0.1411,0.9682,0.0,0.0318
4,4.5,2.2857,1.6,3,0.999,0.008,0.001,0.0,0.999
5,3.25,2.4286,4.2,3,0.7335,0.5797,0.2665,0.0,0.7335
6,4.75,2.8571,3.6,1,0.9231,0.2711,0.9231,0.0,0.0769
7,4.25,3.0,4.2,1,0.9436,0.2429,0.9436,0.0098,0.0465
8,4.1711,4.5714,4.2,1,0.8582,0.4374,0.8582,0.1344,0.0074
9,5.0,4.0,4.2,1,0.6334,0.6945,0.6334,0.3589,0.0077
10,4.5,3.1429,4.8,2,0.784,0.5614,0.2064,0.784,0.0097
11,4.25,2.5714,3.2,1,0.7065,0.6052,0.7065,0.0,0.2935
12,5.0,4.2857,5.0,2,0.992,0.0474,0.0078,0.992,0.0002
13,4.25,4.8571,5.0,2,0.9846,0.0808,0.0152,0.9846,0.0002
14,4.75,3.8571,4.8,2,0.9656,0.1527,0.0338,0.9656,0.0006
15,4.75,2.7143,4.4,1,0.6736,0.7636,0.6736,0.2808,0.0456
16,4.1711,4.4286,4.6,2,0.7965,0.5177,0.2012,0.7965,0.0023
1,3.25,1.0,1.0,3,1.0,0.0,0.0,0.0,1.0
2,5.0,4.0,3.6,1,0.9803,0.0972,0.9803,0.0,0.0197
3,4.75,2.2857,2.8,3,0.6744,0.6311,0.3256,0.0,0.6744
4,4.75,3.2857,3.6,1,0.9606,0.1662,0.9606,0.0,0.0394
5,5.0,3.4286,4.8,2,0.9399,0.2365,0.058,0.9399,0.0021
6,5.0,3.5714,4.8,2,0.9531,0.1953,0.0455,0.9531,0.0014
7,4.75,2.0,3.4,1,0.5839,0.679,0.5839,0.0,0.4161
8,2.0,1.4286,3.2,3,1.0,0.0,0.0,0.0,1.0
9,3.0,3.2857,2.8,3,0.965,0.1516,0.035,0.0,0.965
10,4.0,2.8571,2.4,3,0.8695,0.3873,0.1305,0.0,0.8695
11,3.75,2.2857,2.4,3,0.9749,0.1172,0.0251,0.0,0.9749
12,5.0,4.0,4.6,2,0.9535,0.1915,0.0458,0.9535,0.0007
13,5.0,3.4286,4.8,2,0.9399,0.2365,0.058,0.9399,0.0021
14,3.0,2.2857,2.4,3,0.9989,0.0087,0.0011,0.0,0.9989
15,5.0,3.0,2.8,1,0.612,0.6678,0.612,0.0,0.388
16,5.0,2.7143,4.0,1,0.9179,0.2996,0.9179,0.0039,0.0782
17,4.0,3.0,4.0,1,0.9252,0.2666,0.9252,0.0001,0.0746
18,3.25,3.7143,4.2,1,0.752,0.5602,0.752,0.0,0.248
19,3.25,2.7143,3.2,3,0.8569,0.4105,0.1431,0.0,0.8569
20,3.75,2.1429,3.6,3,0.5618,0.6855,0.4382,0.0,0.5618
21,3.0,1.5714,2.2,3,0.9999,0.0008,0.0001,0.0,0.9999
22,4.25,4.1429,4.6,2,0.7591,0.5685,0.2378,0.7591,0.0031
23,3.0,3.0,3.0,3,0.957,0.1772,0.043,0.0,0.957
24,4.5,3.1429,4.0,1,0.965,0.1614,0.965,0.0027,0.0323
1,4.0,2.4286,3.6,1,0.7318,0.5815,0.7318,0.0,0.2682
2,5.0,2.5714,3.4,1,0.7992,0.5016,0.7992,0.0,0.2008
3,4.75,4.4286,3.6,1,0.9888,0.0617,0.9888,0.0001,0.0111
4,3.75,2.1429,3.4,3,0.6497,0.6476,0.3503,0.0,0.6497
5,3.75,1.1429,1.0,3,1.0,0.0,0.0,0.0,1.0
6,4.0,4.5714,4.6,2,0.6289,0.6865,0.366,0.6289,0.0051
7,4.75,3.0,5.0,2,0.8853,0.3871,0.106,0.8853,0.0087
8,4.75,3.4286,3.8,1,0.9749,0.1192,0.9749,0.0003,0.0248
9,3.25,1.8571,2.6,3,0.9965,0.023,0.0035,0.0,0.9965
10,4.25,2.7143,4.6,1,0.7337,0.7344,0.7337,0.1949,0.0714
11,3.75,2.2857,4.2,1,0.639,0.6546,0.639,0.0001,0.3609
12,3.75,3.2857,3.4,1,0.823,0.4668,0.823,0.0,0.177
13,3.75,3.5714,3.6,1,0.9098,0.3031,0.9098,0.0,0.0902
14,4.5,3.1429,5.0,2,0.8224,0.5087,0.1666,0.8224,0.0109
15,5.0,4.1429,4.6,2,0.966,0.1506,0.0336,0.966,0.0004
16,4.25,2.7143,3.4,1,0.8355,0.4471,0.8355,0.0,0.1645
17,3.0,2.0,3.6,3,0.9763,0.112,0.0237,0.0,0.9763
18,4.25,2.7143,2.8,3,0.522,0.6922,0.478,0.0,0.522
19,4.0,1.8571,3.0,3,0.8455,0.4304,0.1545,0.0,0.8455
20,4.5,4.0,4.6,2,0.8846,0.3651,0.114,0.8846,0.0014
21,3.5,1.8571,3.8,3,0.8165,0.4767,0.1835,0.0,0.8165
22,3.25,2.2857,2.2,3,0.9985,0.011,0.0015,0.0,0.9985
23,3.0,1.5714,2.8,3,0.999,0.0081,0.001,0.0,0.999
24,3.75,1.8571,3.6,3,0.7154,0.5973,0.2846,0.0,0.7154
25,4.75,3.7143,4.4,2,0.6629,0.6641,0.3324,0.6629,0.0047
1,4.5,3.8571,4.6,2,0.8491,0.4352,0.1488,0.8491,0.0021
2,3.75,4.1429,3.4,1,0.9301,0.2533,0.9301,0.0,0.0699
3,4.1711,2.4286,5.0,1,0.5812,0.9695,0.5812,0.2215,0.1973
4,3.75,3.4286,3.4,1,0.8514,0.4202,0.8514,0.0,0.1486
5,5.0,3.5714,4.0,1,0.9642,0.1785,0.9642,0.015,0.0208
6,3.25,3.1429,3.6,3,0.5505,0.688,0.4495,0.0,0.5505
7,4.5,2.9165,4.8,2,0.7208,0.6588,0.2613,0.7208,0.0179
8,4.0,2.5714,2.2,3,0.968,0.1416,0.032,0.0,0.968
9,4.25,3.5714,3.6098,1,0.9672,0.1444,0.9672,0.0,0.0328
10,4.75,2.8571,3.6,1,0.9231,0.2711,0.9231,0.0,0.0769
11,4.0,2.5714,3.6098,1,0.7873,0.5176,0.7873,0.0,0.2127
12,4.75,3.2857,2.8,1,0.7522,0.5599,0.7522,0.0,0.2478
13,1.5,2.5714,3.0,3,1.0,0.0,0.0,0.0,1.0
14,4.0,2.8571,3.6,1,0.862,0.4014,0.862,0.0,0.138
15,4.75,3.5714,3.8,1,0.9791,0.1037,0.9791,0.0004,0.0205
16,3.75,2.4286,4.4,1,0.6981,0.6171,0.6981,0.0007,0.3012
17,3.5,3.7143,2.6,3,0.7689,0.5406,0.2311,0.0,0.7689
18,4.25,3.5714,4.6,1,0.5022,0.7511,0.5022,0.4854,0.0124
19,5.0,2.7143,2.6,3,0.6961,0.6142,0.3039,0.0,0.6961
20,4.75,3.2857,3.2,1,0.9132,0.2951,0.9132,0.0,0.0868
21,4.5,2.0,4.2,1,0.761,0.5913,0.761,0.01,0.229
22,3.0,2.7143,2.6,3,0.9937,0.0382,0.0063,0.0,0.9937
23,4.75,3.4286,3.8,1,0.9749,0.1192,0.9749,0.0003,0.0248
24,1.5,1.0,1.0,3,1.0,0.0,0.0,0.0,1.0
25,3.0,1.4286,1.8,3,1.0,0.0001,0.0,0.0,1.0
1,1.75,2.7143,1.8,3,1.0,0.0,0.0,0.0,1.0
2,4.0,3.4286,4.8,1,0.7196,0.7113,0.7196,0.2387,0.0417
3,3.5,2.1429,4.0,3,0.6574,0.6427,0.3426,0.0,0.6574
4,4.0,2.2857,2.8,3,0.7993,0.5014,0.2007,0.0,0.7993
6,4.25,2.1429,1.0,3,1.0,0.0001,0.0,0.0,1.0
7,5.0,3.8571,4.4,2,0.7721,0.554,0.2246,0.7721,0.0033
8,3.75,3.8571,3.6,1,0.9347,0.2413,0.9347,0.0,0.0653
9,4.75,3.4286,3.4,1,0.954,0.1865,0.954,0.0,0.046
11,4.75,2.7143,4.4,1,0.6736,0.7636,0.6736,0.2808,0.0456
12,4.0,2.8571,2.0,3,0.981,0.094,0.019,0.0,0.981
13,3.5,2.7143,4.4,1,0.6379,0.6552,0.6379,0.0001,0.3621
14,5.0,4.0,3.0,1,0.9238,0.2693,0.9238,0.0,0.0762
15,4.75,2.5714,4.4,1,0.6917,0.772,0.6917,0.2465,0.0617
16,5.0,4.4286,3.8,1,0.9861,0.0813,0.9861,0.0036,0.0103
17,3.0,1.2857,1.0,3,1.0,0.0,0.0,0.0,1.0
18,4.0,2.4286,3.2,1,0.5409,0.6898,0.5409,0.0,0.4591
19,4.25,2.8571,3.6,1,0.9053,0.3134,0.9053,0.0,0.0947
20,5.0,5.0,5.0,2,0.9989,0.0089,0.0011,0.9989,0.0
1,4.5,2.8571,3.0,1,0.7435,0.5693,0.7435,0.0,0.2565
2,4.0,1.7143,4.2,3,0.5354,0.6931,0.4643,0.0003,0.5354
3,4.0,2.4286,3.8,1,0.7811,0.5255,0.7811,0.0,0.2189
4,4.75,1.4286,2.2,3,0.9957,0.0276,0.0043,0.0,0.9957
5,4.75,3.5714,5.0,2,0.9533,0.1955,0.0451,0.9533,0.0016
6,5.0,3.1429,3.8,1,0.9542,0.1875,0.9542,0.0003,0.0455
7,4.25,2.8571,4.6,1,0.719,0.7312,0.719,0.2272,0.0538
8,4.75,1.2857,2.6,3,0.982,0.0902,0.018,0.0,0.982
9,4.1711,2.9165,3.2,1,0.8039,0.495,0.8039,0.0,0.1961
11,4.0,2.7143,4.4,1,0.8763,0.4081,0.8763,0.0096,0.1141
12,4.1711,3.5714,2.4,3,0.6158,0.6661,0.3842,0.0,0.6158
13,4.0,2.1429,3.4,1,0.5037,0.6931,0.5037,0.0,0.4963
14,4.0,2.5714,3.8,1,0.8266,0.4613,0.8266,0.0,0.1734
15,4.0,3.7143,4.2,1,0.9681,0.1569,0.9681,0.0062,0.0257
16,4.0,2.7143,3.8,1,0.8627,0.4001,0.8627,0.0,0.1373
17,4.0,1.7143,4.6,3,0.5715,0.7293,0.4188,0.0097,0.5715
18,3.0,3.0,3.0,3,0.957,0.1772,0.043,0.0,0.957
19,4.5,1.4286,4.0,3,0.5791,0.683,0.4206,0.0003,0.5791
20,4.75,2.1429,2.6,3,0.8602,0.4046,0.1398,0.0,0.8602
1,4.5,3.4286,4.8,2,0.8543,0.4346,0.1414,0.8543,0.0043
2,4.5,1.7143,2.2,3,0.991,0.0512,0.009,0.0,0.991
3,4.25,3.2857,3.4,1,0.9305,0.2523,0.9305,0.0,0.0695
4,3.25,2.5714,3.4,3,0.8314,0.4536,0.1686,0.0,0.8314
5,4.25,1.7143,1.8,3,0.9992,0.0063,0.0008,0.0,0.9992
6,5.0,2.1429,3.8,1,0.7521,0.5606,0.7521,0.0001,0.2478
7,5.0,2.7143,4.2,1,0.8735,0.4668,0.8735,0.0569,0.0696
8,4.75,3.8571,4.4,2,0.7249,0.6061,0.2719,0.7249,0.0033
9,3.75,3.0,3.6,1,0.8098,0.4866,0.8098,0.0,0.1902
10,4.75,3.4286,4.6,2,0.8362,0.4641,0.16,0.8362,0.0038
11,5.0,3.1429,3.4,1,0.9172,0.2856,0.9172,0.0,0.0828
12,3.5,2.8571,3.0,3,0.741,0.572,0.259,0.0,0.741
13,3.75,2.4286,3.0,3,0.7388,0.5743,0.2612,0.0,0.7388
14,3.25,3.4286,3.2,3,0.6482,0.6485,0.3518,0.0,0.6482
15,5.0,2.1429,4.6,2,0.5192,0.9549,0.3675,0.5192,0.1133
16,2.5,2.8571,3.8,3,0.9919,0.0472,0.0081,0.0,0.9919
17,3.5,2.7143,3.0,3,0.7882,0.5164,0.2118,0.0,0.7882
18,3.75,2.4286,3.2,3,0.6151,0.6664,0.3849,0.0,0.6151
19,4.1711,2.9165,4.0,1,0.9359,0.2403,0.9359,0.0004,0.0637
20,5.0,2.7143,3.8,1,0.9084,0.3074,0.9084,0.0001,0.0915
1,3.75,3.5714,3.2,1,0.8132,0.4815,0.8132,0.0,0.1868
2,4.0,3.7143,5.0,1,0.5592,0.7986,0.5592,0.4097,0.0311
3,5.0,2.5714,4.4,1,0.6377,0.8315,0.6377,0.293,0.0693
4,4.1711,2.9165,3.6098,1,0.906,0.3117,0.906,0.0,0.094
5,4.25,3.1429,3.8,1,0.953,0.1898,0.953,0.0,0.0469
6,3.75,3.0,4.0,1,0.8682,0.39,0.8682,0.0,0.1318
8,4.1711,3.7143,4.0,1,0.9783,0.1096,0.9783,0.0014,0.0203
9,4.5,1.7143,2.8,3,0.8894,0.3477,0.1106,0.0,0.8894
10,4.5,2.8571,3.8,1,0.9395,0.2288,0.9395,0.0001,0.0604
11,4.5,3.2857,3.4,1,0.9434,0.2176,0.9434,0.0,0.0566
12,4.0,2.9165,3.6098,1,0.8757,0.3754,0.8757,0.0,0.1243
13,3.5,3.4286,3.6098,1,0.7843,0.5214,0.7843,0.0,0.2157
14,4.5,2.0,3.4,1,0.5813,0.6799,0.5813,0.0,0.4187
15,4.5,1.4286,2.2,3,0.9958,0.0274,0.0042,0.0,0.9958
16,4.25,3.4286,4.6,1,0.5626,0.7567,0.5626,0.4206,0.0169
17,4.0,2.0,3.2,3,0.6868,0.6216,0.3132,0.0,0.6868
18,4.5,2.7143,3.4,1,0.8633,0.3989,0.8633,0.0,0.1367
19,4.1711,2.7143,4.2,1,0.912,0.3143,0.912,0.0041,0.0839
20,3.75,3.0,3.6098,1,0.8121,0.4831,0.8121,0.0,0.1879
21,4.1711,2.8571,3.8,1,0.9179,0.2841,0.9179,0.0,0.0821
22,3.75,3.1429,4.8,1,0.839,0.5017,0.839,0.02,0.141
23,3.25,1.5714,3.0,3,0.9929,0.042,0.0071,0.0,0.9929
25,4.1711,2.4286,3.6098,1,0.7912,0.5123,0.7912,0.0,0.2088
1,4.5,3.5714,4.2,1,0.9049,0.356,0.9049,0.08,0.0151
3,3.75,2.7143,4.0,1,0.7979,0.5034,0.7979,0.0,0.2021
4,4.75,2.5714,3.2,1,0.7516,0.5605,0.7516,0.0,0.2484
5,4.25,3.1429,3.2,1,0.8702,0.3861,0.8702,0.0,0.1298
6,4.5,2.4286,2.6,3,0.77,0.5393,0.23,0.0,0.77
7,4.5,3.5714,3.2,1,0.9397,0.2277,0.9397,0.0,0.0603
8,3.0,1.8571,3.8,3,0.978,0.1057,0.022,0.0,0.978
9,4.0,2.5714,4.2,1,0.8569,0.4164,0.8569,0.001,0.1421
10,3.75,2.8571,3.4,1,0.6963,0.614,0.6963,0.0,0.3037
11,4.5,3.1429,3.0,1,0.8248,0.464,0.8248,0.0,0.1752
12,3.5,3.0,2.4,3,0.9577,0.1751,0.0423,0.0,0.9577
13,4.25,2.2857,4.0,1,0.8265,0.4634,0.8265,0.0003,0.1733
14,4.0,2.4286,3.2,1,0.5409,0.6898,0.5409,0.0,0.4591
16,4.75,3.1429,3.4,1,0.9309,0.2512,0.9309,0.0,0.0691
17,4.75,3.7143,3.4,1,0.968,0.1416,0.968,0.0,0.032
18,5.0,3.1429,3.2,1,0.8737,0.3792,0.8737,0.0,0.1263
19,4.1711,2.9165,3.6098,1,0.906,0.3117,0.906,0.0,0.094
20,4.5,3.1429,3.6098,1,0.9515,0.1942,0.9515,0.0,0.0485
1,4.0,2.0,2.8,3,0.8837,0.3594,0.1163,0.0,0.8837
2,4.5,1.5714,2.0,3,0.9979,0.0152,0.0021,0.0,0.9979
3,4.75,2.1429,4.4,1,0.6814,0.8461,0.6814,0.1677,0.1509
4,4.25,3.0,3.2,1,0.8411,0.4378,0.8411,0.0,0.1589
5,4.25,2.8571,4.2,1,0.933,0.2705,0.933,0.008,0.059
6,3.75,2.7143,3.2,1,0.5242,0.692,0.5242,0.0,0.4758
7,4.5,3.1429,3.8,1,0.9618,0.1628,0.9618,0.0001,0.0381
8,4.25,3.0,5.0,2,0.5199,0.8416,0.4351,0.5199,0.045
9,4.25,1.8571,3.6,1,0.534,0.6908,0.534,0.0,0.466
10,4.5,3.0,4.2,1,0.9306,0.3001,0.9306,0.0325,0.0369
11,4.75,3.2857,4.8,2,0.9051,0.3285,0.0915,0.9051,0.0034
12,4.25,3.1429,5.0,2,0.576,0.795,0.392,0.576,0.032
13,4.5,3.0,3.6098,1,0.9393,0.2288,0.9393,0.0,0.0607
14,4.5,3.4286,3.4,1,0.9535,0.1879,0.9535,0.0,0.0465
15,4.5,3.5714,4.6,2,0.761,0.5728,0.2344,0.761,0.0046
16,4.0,2.2857,2.6,3,0.8961,0.3336,0.1039,0.0,0.8961
17,4.75,2.2857,2.8,3,0.6744,0.6311,0.3256,0.0,0.6744
18,4.5,2.5714,4.4,1,0.7927,0.6438,0.7927,0.1358,0.0715
19,3.25,2.8571,1.2,3,1.0,0.0001,0.0,0.0,1.0
20,4.0,2.8571,4.6,1,0.8526,0.5123,0.8526,0.0497,0.0977
21,4.25,3.2857,4.8,2,0.5747,0.7595,0.4063,0.5747,0.019
22,5.0,5.0,5.0,2,0.9989,0.0089,0.0011,0.9989,0.0
1,4.5,3.0,3.4,1,0.9133,0.2948,0.9133,0.0,0.0867
2,4.25,2.9165,4.0,1,0.9421,0.2245,0.9421,0.0006,0.0574
3,3.75,3.7143,3.6,1,0.9236,0.2698,0.9236,0.0,0.0764
4,5.0,3.4286,4.2,1,0.8279,0.5217,0.8279,0.1519,0.0203
5,4.5,3.4286,4.4,1,0.631,0.7156,0.631,0.3557,0.0133
6,4.25,3.2857,4.0,1,0.9667,0.1504,0.9667,0.001,0.0322
7,3.25,1.7143,2.6,3,0.9976,0.017,0.0024,0.0,0.9976
8,3.5,1.7143,3.2,3,0.9506,0.1967,0.0494,0.0,0.9506
9,5.0,2.4286,4.8,2,0.7796,0.6291,0.1821,0.7796,0.0383
10,4.75,2.5714,5.0,2,0.8078,0.5717,0.1628,0.8078,0.0294
11,4.75,3.2857,4.0,1,0.9673,0.1613,0.9673,0.0071,0.0257
12,4.0,3.4286,3.6098,1,0.9407,0.2251,0.9407,0.0,0.0593
13,2.5,2.4286,2.6,3,0.9998,0.0015,0.0002,0.0,0.9998
14,4.0,4.1429,4.2,1,0.9683,0.1624,0.9683,0.0155,0.0161
15,4.5,2.5714,4.4,1,0.7927,0.6438,0.7927,0.1358,0.0715
16,3.25,1.2857,1.2,3,1.0,0.0,0.0,0.0,1.0
17,3.25,3.0,4.6,3,0.5259,0.6919,0.4741,0.0,0.5259
18,4.25,3.1429,5.0,2,0.576,0.795,0.392,0.576,0.032
19,4.0,3.2857,4.2,1,0.9518,0.204,0.9518,0.0028,0.0454
20,4.1711,3.8571,4.2,1,0.957,0.2057,0.957,0.0273,0.0157
21,4.25,1.7143,3.4,3,0.6433,0.6515,0.3567,0.0,0.6433
22,4.0,2.5714,4.2,1,0.8569,0.4164,0.8569,0.001,0.1421
23,4.0,2.8571,4.8,1,0.7781,0.6831,0.7781,0.1091,0.1128
24,4.25,3.0,4.6,1,0.6942,0.7353,0.6942,0.2653,0.0405
25,4.5,2.8571,3.4,1,0.8914,0.3435,0.8914,0.0,0.1086
26,4.5,3.4286,3.4,1,0.9535,0.1879,0.9535,0.0,0.0465
1,3.5,4.1429,4.6,1,0.9168,0.3037,0.9168,0.0044,0.0789
2,4.5,2.1429,3.8,1,0.7851,0.5206,0.7851,0.0,0.2148
3,4.25,3.7143,4.4,1,0.7673,0.5948,0.7673,0.2189,0.0138
4,4.0,2.5714,3.6098,1,0.7873,0.5176,0.7873,0.0,0.2127
5,3.0,2.0,2.0,3,0.9999,0.0008,0.0001,0.0,0.9999
6,3.75,4.0,3.6,1,0.9436,0.2171,0.9436,0.0,0.0564
7,5.0,2.4286,2.6,3,0.8013,0.4987,0.1987,0.0,0.8013
8,3.5,2.4286,2.2,3,0.9944,0.0348,0.0056,0.0,0.9944
9,4.5,4.2857,4.8,2,0.9729,0.1264,0.0268,0.9729,0.0003
10,4.75,2.7143,3.8,1,0.9235,0.2711,0.9235,0.0001,0.0764
11,2.75,2.5714,1.0,3,1.0,0.0,0.0,0.0,1.0
12,3.5,3.0,2.2,3,0.9836,0.0837,0.0164,0.0,0.9836
13,4.0,2.1429,4.6,1,0.6596,0.7148,0.6596,0.0191,0.3213
14,4.0,2.5714,3.8,1,0.8266,0.4613,0.8266,0.0,0.1734
15,4.5,2.4286,3.2,1,0.6915,0.6179,0.6915,0.0,0.3085
16,2.5,1.7143,2.8,3,0.9999,0.0007,0.0001,0.0,0.9999
18,3.75,1.5714,4.6,3,0.7877,0.5208,0.2118,0.0005,0.7877
1,4.75,3.5714,3.6,1,0.9733,0.1231,0.9733,0.0,0.0267
2,3.75,4.0,3.8,1,0.9563,0.1797,0.9563,0.0,0.0437
3,4.0,3.2857,4.0,1,0.9513,0.1959,0.9513,0.0002,0.0485
4,4.75,4.2857,4.4,2,0.8748,0.3829,0.1242,0.8748,0.001
5,4.1711,2.5714,1.8,3,0.9953,0.0301,0.0047,0.0,0.9953
6,5.0,4.1429,3.6098,1,0.9831,0.0862,0.9831,0.0,0.0169
7,4.1711,3.4286,4.0,1,0.9698,0.139,0.9698,0.0008,0.0294
8,3.75,4.1429,4.2,1,0.9678,0.149,0.9678,0.0018,0.0304
10,4.25,3.1429,3.8,1,0.953,0.1898,0.953,0.0,0.0469
11,5.0,4.4286,5.0,2,0.9944,0.0351,0.0055,0.9944,0.0001
13,4.5,2.7143,3.2,1,0.7978,0.5034,0.7978,0.0,0.2022
14,4.5,4.1429,4.4,2,0.7046,0.622,0.2927,0.7046,0.0027
15,4.0,2.2857,4.8,1,0.655,0.7883,0.655,0.0507,0.2943
16,4.5,2.7143,3.2,1,0.7978,0.5034,0.7978,0.0,0.2022
17,5.0,3.8571,4.6,2,0.9377,0.2384,0.0612,0.9377,0.001
18,4.75,2.7143,3.8,1,0.9235,0.2711,0.9235,0.0001,0.0764
19,3.0,3.7143,3.6,3,0.6567,0.6432,0.3433,0.0,0.6567
20,4.0,1.0,1.0,3,1.0,0.0,0.0,0.0,1.0
21,4.0,1.7143,3.2,3,0.8154,0.4783,0.1846,0.0,0.8154
1,4.0,3.1429,3.8,1,0.9299,0.2539,0.9299,0.0,0.0701
2,4.0,4.1429,4.0,1,0.9815,0.0962,0.9815,0.001,0.0175
3,3.75,2.9165,3.0,3,0.5266,0.6917,0.4734,0.0,0.5266
4,3.75,3.1429,4.6,1,0.8751,0.408,0.8751,0.0087,0.1162
5,4.0,1.5714,2.4,3,0.9914,0.0496,0.0086,0.0,0.9914
6,4.75,3.1429,3.8,1,0.9621,0.1625,0.9621,0.0002,0.0377
7,4.0,2.1429,3.4,1,0.5037,0.6931,0.5037,0.0,0.4963
8,4.5,3.4286,3.2,1,0.9277,0.2596,0.9277,0.0,0.0723
9,4.25,3.7143,4.4,1,0.7673,0.5948,0.7673,0.2189,0.0138
10,4.25,2.5714,4.6,1,0.7378,0.7469,0.7378,0.1676,0.0947
11,4.75,3.4286,4.0,1,0.9701,0.1528,0.9701,0.009,0.0209
12,3.25,3.4286,3.6,1,0.5568,0.6867,0.5568,0.0,0.4432
13,4.1711,2.4286,3.4,1,0.7206,0.5924,0.7206,0.0,0.2794
14,3.5,2.4286,2.6,3,0.9652,0.1509,0.0348,0.0,0.9652
15,4.0,3.1429,3.6098,1,0.9115,0.299,0.9115,0.0,0.0885
16,4.75,2.5714,4.8,2,0.7718,0.6182,0.2021,0.7718,0.0261
17,4.0,1.5714,2.8,3,0.9568,0.1779,0.0432,0.0,0.9568
1,4.75,2.8571,2.8,1,0.5995,0.6732,0.5995,0.0,0.4005
2,3.5,1.5714,2.8,3,0.9898,0.0571,0.0102,0.0,0.9898
3,4.5,3.0,3.6098,1,0.9393,0.2288,0.9393,0.0,0.0607
4,4.75,4.1429,4.6,2,0.9567,0.1808,0.0429,0.9567,0.0004
5,3.5,2.5714,3.0,3,0.8306,0.4549,0.1694,0.0,0.8306
6,2.75,2.7143,2.4,3,0.9994,0.0052,0.0006,0.0,0.9994
7,4.25,2.8571,3.8,1,0.9259,0.2643,0.9259,0.0,0.0741
8,4.25,2.1429,2.0,3,0.9931,0.0412,0.0069,0.0,0.9931
9,4.75,3.5714,2.8,1,0.8198,0.4717,0.8198,0.0,0.1802
10,3.0,1.5714,3.0,3,0.998,0.0146,0.002,0.0,0.998
11,4.1711,1.8571,1.4,3,0.9999,0.0007,0.0001,0.0,0.9999
12,4.1711,2.0,3.6,1,0.5909,0.6765,0.5909,0.0,0.4091
13,4.0,2.5714,3.2,1,0.6114,0.6681,0.6114,0.0,0.3886
14,5.0,1.5714,3.8,3,0.572,0.6831,0.428,0.0,0.572
15,4.1711,2.4286,4.0,1,0.8522,0.4203,0.8522,0.0002,0.1476
16,4.0,2.2857,3.6098,1,0.6717,0.6329,0.6717,0.0,0.3283
17,3.75,2.7143,4.4,1,0.8024,0.5035,0.8024,0.001,0.1966
18,4.75,3.0,3.0,1,0.7899,0.5141,0.7899,0.0,0.2101
19,4.75,2.2857,3.6,1,0.7949,0.5074,0.7949,0.0,0.2051
20,4.5,1.8571,1.6,3,0.9996,0.0034,0.0004,0.0,0.9996
21,3.25,3.7143,3.4,1,0.5588,0.6862,0.5588,0.0,0.4412
1,4.25,2.4286,4.6,1,0.7306,0.7688,0.7306,0.1442,0.1252
2,4.0,2.4286,3.2,1,0.5409,0.6898,0.5409,0.0,0.4591
3,5.0,2.8571,3.6,1,0.908,0.3072,0.908,0.0,0.092
4,4.25,3.2857,3.6,1,0.9509,0.1958,0.9509,0.0,0.0491
5,5.0,3.1429,4.6,2,0.8022,0.5322,0.1893,0.8022,0.0085
6,4.25,2.0,2.6,3,0.9149,0.2909,0.0851,0.0,0.9149
7,4.0,1.8571,1.8,3,0.9993,0.0059,0.0007,0.0,0.9993
8,4.75,2.4286,4.8,2,0.739,0.6832,0.2226,0.739,0.0384
9,4.25,2.8571,3.2,1,0.8049,0.4935,0.8049,0.0,0.1951
10,3.5,3.0,2.6,3,0.9044,0.3154,0.0956,0.0,0.9044
11,3.25,1.5714,2.2,3,0.9997,0.0024,0.0003,0.0,0.9997
12,5.0,3.7143,4.8,2,0.9641,0.1587,0.035,0.9641,0.0009
13,4.0,3.0,2.2,3,0.9323,0.2478,0.0677,0.0,0.9323
14,4.5,2.2857,3.2,1,0.6234,0.6624,0.6234,0.0,0.3766
15,4.25,3.4286,3.2,1,0.9116,0.2988,0.9116,0.0,0.0884
16,4.5,4.4286,3.8,1,0.99,0.0597,0.99,0.0013,0.0086
17,3.25,1.7143,2.4,3,0.999,0.008,0.001,0.0,0.999
18,4.25,2.1429,3.4,1,0.6083,0.6695,0.6083,0.0,0.3917
19,3.75,2.1429,4.0,1,0.5469,0.6888,0.5469,0.0,0.4531
20,3.25,2.9165,2.6,3,0.9689,0.1387,0.0311,0.0,0.9689
21,4.25,2.8571,3.0,1,0.6998,0.611,0.6998,0.0,0.3002
22,3.75,1.2857,3.0,3,0.979,0.1021,0.021,0.0,0.979
23,4.5,1.8571,3.8,1,0.6509,0.6471,0.6509,0.0,0.3491
24,4.75,2.2857,3.0,3,0.514,0.6928,0.486,0.0,0.514
25,5.0,3.1429,4.8,2,0.9061,0.3311,0.0889,0.9061,0.005
1,4.75,2.8571,4.4,1,0.646,0.761,0.646,0.3204,0.0336
2,4.25,3.0,3.2,1,0.8411,0.4378,0.8411,0.0,0.1589
3,4.25,2.1429,1.4,3,0.9998,0.0015,0.0002,0.0,0.9998
4,4.0,3.0,3.6,1,0.889,0.3485,0.889,0.0,0.111
5,3.5,3.0,2.4,3,0.9577,0.1751,0.0423,0.0,0.9577
6,4.75,3.2857,5.0,2,0.9243,0.283,0.072,0.9243,0.0037
7,4.0,2.4286,3.0,3,0.6004,0.6728,0.3996,0.0,0.6004
8,4.75,3.1429,4.2,1,0.8925,0.4026,0.8925,0.0798,0.0277
9,4.0,3.0,3.0,1,0.6616,0.64,0.6616,0.0,0.3384
10,4.0,1.7143,1.0,3,1.0,0.0,0.0,0.0,1.0
11,4.1711,2.9165,3.6098,1,0.906,0.3117,0.906,0.0,0.094
12,4.0,3.0,4.0,1,0.9252,0.2666,0.9252,0.0001,0.0746
13,5.0,2.4286,3.2,1,0.6505,0.6471,0.6505,0.0,0.3495
14,4.5,3.0,4.4,1,0.7523,0.6529,0.7523,0.2169,0.0309
15,3.75,3.5714,3.6,1,0.9098,0.3031,0.9098,0.0,0.0902
16,4.0,4.1429,3.6,1,0.9732,0.1236,0.9732,0.0,0.0268
17,4.25,1.8571,3.6098,1,0.5379,0.6903,0.5379,0.0,0.4621
18,3.25,2.4286,3.0,3,0.9491,0.201,0.0509,0.0,0.9491
19,4.75,4.0,4.4,2,0.782,0.5368,0.2158,0.782,0.0022
20,5.0,3.2857,5.0,2,0.9397,0.2415,0.0567,0.9397,0.0036
21,4.0,3.7143,3.4,1,0.9402,0.2263,0.9402,0.0,0.0598
22,3.75,2.1429,3.4,3,0.6497,0.6476,0.3503,0.0,0.6497
23,5.0,3.2857,4.0,1,0.9599,0.1896,0.9599,0.0091,0.031
24,3.75,3.0,3.4,1,0.7463,0.5664,0.7463,0.0,0.2537
25,3.0,1.4286,2.4,3,0.9999,0.0013,0.0001,0.0,0.9999
1,4.75,2.8571,2.8,1,0.5995,0.6732,0.5995,0.0,0.4005
2,4.0,3.0,2.6,3,0.6844,0.6235,0.3156,0.0,0.6844
3,3.75,2.7143,3.2,1,0.5242,0.692,0.5242,0.0,0.4758
4,4.75,3.8571,4.0,1,0.9674,0.165,0.9674,0.0205,0.0121
5,4.25,2.7143,4.0,1,0.9187,0.2845,0.9187,0.0004,0.0808
6,3.75,2.1429,1.6,3,0.9998,0.002,0.0002,0.0,0.9998
7,4.25,3.2857,3.8,1,0.962,0.1618,0.962,0.0,0.0379
8,4.5,2.4286,3.8,1,0.8716,0.3837,0.8716,0.0,0.1284
9,4.25,4.5714,5.0,2,0.9663,0.1502,0.0332,0.9663,0.0005
10,4.75,4.1429,3.8,1,0.9878,0.0703,0.9878,0.0014,0.0108
11,5.0,2.7143,3.4,1,0.8399,0.4399,0.8399,0.0,0.1601
12,3.5,3.7143,2.8,3,0.6058,0.6706,0.3942,0.0,0.6058
13,4.25,1.8571,2.2,3,0.9897,0.0573,0.0103,0.0,0.9897
14,3.75,4.0,2.8,1,0.6756,0.6301,0.6756,0.0,0.3244
15,4.25,3.7143,4.2,1,0.9506,0.2282,0.9506,0.0329,0.0165
16,4.0,2.4286,3.4,1,0.6534,0.6453,0.6534,0.0,0.3466
17,4.25,3.2857,3.8,1,0.962,0.1618,0.962,0.0,0.0379
18,4.25,2.8571,4.0,1,0.9361,0.2405,0.9361,0.0005,0.0633
19,3.75,2.4286,3.2,3,0.6151,0.6664,0.3849,0.0,0.6151
20,4.0,2.5714,3.6,1,0.7847,0.5209,0.7847,0.0,0.2153
22,4.1711,1.8571,2.2,3,0.9908,0.0523,0.0092,0.0,0.9908
23,4.75,4.0,5.0,2,0.9802,0.0994,0.0194,0.9802,0.0004
24,3.75,1.8571,3.4,3,0.7843,0.5214,0.2157,0.0,0.7843
1,2.5,1.8571,1.4,3,1.0,0.0,0.0,0.0,1.0
2,4.5,4.2857,4.2,1,0.7052,0.6335,0.7052,0.2893,0.0054
3,4.0,1.7143,3.8,3,0.5932,0.6757,0.4068,0.0,0.5932
4,4.0,2.7143,4.6,1,0.8348,0.5407,0.8348,0.0409,0.1243
5,4.75,3.7143,4.8,2,0.9544,0.1898,0.0447,0.9544,0.0009
6,3.75,2.4286,4.0,1,0.6915,0.6179,0.6915,0.0,0.3084
7,5.0,3.0,3.8,1,0.9429,0.2204,0.9429,0.0002,0.0569
8,4.75,4.0,1.6,3,0.9841,0.0815,0.0159,0.0,0.9841
9,4.25,3.0,3.6098,1,0.9257,0.2648,0.9257,0.0,0.0743
10,4.25,3.1429,4.0,1,0.9592,0.1743,0.9592,0.0008,0.04
11,4.25,3.4286,4.0,1,0.9724,0.1316,0.9724,0.0013,0.0263
12,3.75,2.7143,4.2,1,0.8084,0.4896,0.8084,0.0001,0.1915
13,4.25,2.5714,2.6,3,0.7571,0.5544,0.2429,0.0,0.7571
14,4.5,3.7143,4.0,1,0.978,0.12,0.978,0.0074,0.0146
15,4.0,2.5714,3.2,1,0.6114,0.6681,0.6114,0.0,0.3886
16,3.75,3.4286,4.4,1,0.9268,0.2751,0.9268,0.0033,0.0699
17,4.75,3.7143,4.4,2,0.6629,0.6641,0.3324,0.6629,0.0047
18,4.75,3.4286,5.0,2,0.94,0.2371,0.0575,0.94,0.0024
19,5.0,2.9165,5.0,2,0.896,0.3683,0.0932,0.896,0.0108
20,5.0,3.7143,5.0,2,0.9719,0.1323,0.0271,0.9719,0.001
21,3.5,1.8571,2.8,3,0.979,0.1018,0.021,0.0,0.979
22,3.75,2.8571,3.2,1,0.5889,0.6772,0.5889,0.0,0.4111
23,4.25,2.5714,3.2,1,0.7065,0.6052,0.7065,0.0,0.2935
24,4.75,3.1429,3.4,1,0.9309,0.2512,0.9309,0.0,0.0691
25,4.0,2.5714,4.0,1,0.8493,0.4245,0.8493,0.0001,0.1506
1,3.0,3.0,2.8,3,0.9776,0.1073,0.0224,0.0,0.9776
2,4.5,2.9165,1.8,3,0.9876,0.067,0.0124,0.0,0.9876
3,3.5,2.4286,2.8,3,0.9277,0.2596,0.0723,0.0,0.9277
4,4.5,3.7143,4.6,2,0.8077,0.5056,0.1892,0.8077,0.0031
5,4.5,3.1429,2.8,1,0.7063,0.6054,0.7063,0.0,0.2937
6,4.25,2.1429,3.0,3,0.6459,0.6499,0.3541,0.0,0.6459
7,4.5,1.7143,3.4,3,0.5919,0.6762,0.4081,0.0,0.5919
8,2.5,2.1429,1.4,3,1.0,0.0,0.0,0.0,1.0
9,5.0,2.4286,4.4,1,0.6475,0.8534,0.6475,0.2586,0.0939
10,4.75,4.1429,4.6,2,0.9567,0.1808,0.0429,0.9567,0.0004
11,4.75,3.0,4.6,2,0.7186,0.6454,0.2689,0.7186,0.0125
12,4.75,2.1429,4.6,2,0.4665,0.9594,0.4257,0.4665,0.1078
13,5.0,3.2857,4.0,1,0.9599,0.1896,0.9599,0.0091,0.031
14,4.5,2.9165,5.0,2,0.7658,0.6138,0.2137,0.7658,0.0205
15,5.0,2.1429,4.8,2,0.7098,0.7747,0.2088,0.7098,0.0815
16,3.25,2.1429,3.2,3,0.9514,0.1943,0.0486,0.0,0.9514
17,4.25,4.0,3.8,1,0.9842,0.0819,0.9842,0.0001,0.0156
19,3.25,1.5714,1.6,3,1.0,0.0001,0.0,0.0,1.0
20,4.0,3.1429,3.6,1,0.9103,0.302,0.9103,0.0,0.0897
21,4.0,2.1429,4.0,1,0.6943,0.616,0.6943,0.0,0.3056
22,5.0,4.4286,5.0,2,0.9944,0.0351,0.0055,0.9944,0.0001
23,4.5,3.2857,3.2,1,0.9123,0.2971,0.9123,0.0,0.0877
24,3.5,2.4286,3.2,3,0.7873,0.5176,0.2127,0.0,0.7873
25,4.75,2.5714,3.8,1,0.9016,0.3224,0.9016,0.0001,0.0983
