user,name,risk_level,risk_probability,predicted_outcome,predicted_grade,activity_score,last_login
13107114f,13107114f,high,1.0,Low,5.47,5.4,2019-10-13 12:07:08
046c35846,046c35846,high,1.0,Low,4.83,0.0,2019-10-13 10:07:57
3e3a6ce0e,3e3a6ce0e,high,1.0,Low,5.27,5.4,2019-10-13 12:07:08
e7ea6fc25,e7ea6fc25,high,1.0,Low,5.52,5.4,2019-10-13 12:07:08
13ae7b9ac,13ae7b9ac,high,1.0,Low,4.76,0.0,2019-10-13 10:07:57
308044e91,308044e91,high,1.0,Low,4.83,0.0,2019-10-13 10:07:57
d93f7f0d3,d93f7f0d3,high,1.0,Low,3.04,4.1,2019-10-13 16:00:34
00a05cc62,00a05cc62,high,0.9967,Low,3.76,4.1,2019-10-13 16:00:34
05b604102,05b604102,high,0.9967,Low,4.74,0.0,2019-10-13 10:07:57
0af619e4b,0af619e4b,high,0.9967,Low,4.65,0.6,2019-10-13 23:05:19
113496351,113496351,high,0.9967,Low,3.45,4.1,2019-10-13 16:00:34
ab91130d4,ab91130d4,high,0.9933,Low,5.84,5.4,2019-10-13 12:07:08
f2e9d3686,f2e9d3686,high,0.99,Low,6.41,7.8,2019-10-13 15:34:57
68a377c82,68a377c82,high,0.99,Low,6.69,22.3,2019-10-13 17:49:57
247247ac7,247247ac7,high,0.9867,Low,5.92,7.8,2019-10-13 15:34:57
ec3b8cb91,ec3b8cb91,high,0.9833,Low,5.72,14.0,2019-10-13 12:09:30
0604ff3d3,0604ff3d3,high,0.9833,Low,5.29,14.0,2019-10-13 12:09:30
56dc40445,56dc40445,high,0.9833,Low,5.75,10.3,2019-10-12 10:01:11
4c7dfe845,4c7dfe845,high,0.9833,Low,0.47,5.1,2019-10-09 14:37:10
bab4f0825,bab4f0825,high,0.9833,Low,5.33,14.0,2019-10-13 12:09:30
ac54a1cb2,ac54a1cb2,high,0.9833,Low,5.95,7.8,2019-10-13 15:34:57
f80cd4322,f80cd4322,high,0.9833,Low,0.46,5.1,2019-10-09 14:37:10
a0df056a9,a0df056a9,high,0.98,Low,7.0,27.1,2019-10-13 18:16:01
9e96fd448,9e96fd448,high,0.9767,Low,7.37,30.9,2019-10-11 11:06:19
042b07ba1,042b07ba1,high,0.9733,Low,7.6,30.9,2019-10-11 11:06:19
c049ad090,c049ad090,high,0.9733,Low,5.76,10.3,2019-10-12 10:01:11
f87eaa00c,f87eaa00c,high,0.9733,Low,3.34,3.7,2019-10-12 17:19:26
91489f7a9,91489f7a9,high,0.9733,Low,6.8,22.3,2019-10-13 17:49:57
b4658c3a9,b4658c3a9,high,0.9733,Low,0.42,5.1,2019-10-09 14:37:10
dd44e7585,dd44e7585,high,0.97,Low,6.13,15.0,2019-10-13 21:05:04
a41a75ca3,a41a75ca3,high,0.97,Low,5.27,10.2,2019-10-13 12:08:23
0ec99ce96,0ec99ce96,high,0.97,Low,6.71,15.0,2019-10-13 21:05:04
77b6d3f57,77b6d3f57,high,0.97,Low,6.65,22.3,2019-10-13 17:49:57
e567f4009,e567f4009,high,0.97,Low,5.32,10.2,2019-10-13 12:08:23
4b1055dba,4b1055dba,high,0.9667,Low,7.36,30.9,2019-10-11 11:06:19
93d1f2e82,93d1f2e82,high,0.9667,Low,6.08,22.3,2019-10-13 17:49:57
a46e01dd3,a46e01dd3,high,0.9667,Low,5.54,15.6,2019-10-12 11:44:02
17d06c355,17d06c355,high,0.9667,Low,6.8,15.0,2019-10-13 21:05:04
d2c3ce9a4,d2c3ce9a4,high,0.9633,Low,6.88,13.7,2019-10-13 18:54:15
72a9ecbd7,72a9ecbd7,high,0.9633,Low,7.02,27.1,2019-10-13 18:16:01
1dddd964c,1dddd964c,high,0.96,Low,5.25,15.6,2019-10-12 11:44:02
36dde3dd4,36dde3dd4,high,0.9567,Low,6.9,13.7,2019-10-13 18:54:15
2c2845d52,2c2845d52,high,0.9567,Low,6.79,15.0,2019-10-13 21:05:04
6eba3ff82,6eba3ff82,high,0.9567,Low,3.32,3.7,2019-10-12 17:19:26
f00e4ce1a,f00e4ce1a,high,0.95,Low,5.29,15.6,2019-10-12 11:44:02
8bccbfa18,8bccbfa18,high,0.9467,Low,5.89,7.8,2019-10-13 15:34:57
c8beecedd,c8beecedd,high,0.9433,Low,6.52,13.7,2019-10-13 18:54:15
f911affae,f911affae,high,0.9433,Low,4.46,0.6,2019-10-13 23:05:19
654da75e0,654da75e0,high,0.9433,Low,7.19,45.7,2019-10-13 18:50:03
278a75edf,278a75edf,high,0.94,Low,7.11,27.1,2019-10-13 18:16:01
d19a40ad6,d19a40ad6,high,0.9333,Low,4.32,14.2,2019-10-12 11:57:17
33946b26e,33946b26e,high,0.93,Low,7.62,45.7,2019-10-13 18:50:03
84221fc3b,84221fc3b,high,0.9267,Low,6.18,10.3,2019-10-12 10:01:11
590846fe3,590846fe3,high,0.9267,Low,3.33,16.0,2019-10-12 10:11:07
111ad4bea,111ad4bea,high,0.92,Low,3.64,16.0,2019-10-12 10:11:07
bf46a6f13,bf46a6f13,high,0.92,Low,4.29,14.2,2019-10-12 11:57:17
a48165ad5,a48165ad5,high,0.89,Low,7.49,30.4,2019-10-13 18:45:58
29049945c,29049945c,high,0.89,Low,7.39,45.7,2019-10-13 18:50:03
e7d532916,e7d532916,high,0.87,Low,7.42,30.5,2019-10-13 18:45:58
dc40ae49d,dc40ae49d,high,0.7833,Low,7.8,23.5,2019-10-13 21:38:51
70581f7ef,70581f7ef,high,0.7333,Low,7.5,23.5,2019-10-13 21:38:51
7a17472ef,7a17472ef,high,0.7167,Low,8.1,23.6,2019-10-13 14:20:06
488b6e908,488b6e908,high,0.7,Low,8.08,32.1,2019-10-13 22:08:21
aab7ad69f,aab7ad69f,high,0.6933,Low,7.77,29.6,2019-10-12 10:18:22
efe124d2f,efe124d2f,high,0.6867,Low,8.05,32.1,2019-10-13 22:08:21
a9554144c,a9554144c,low,0.32,High,8.34,23.6,2019-10-13 14:20:06
3df19c0ee,3df19c0ee,low,0.2767,High,8.01,29.6,2019-10-12 10:18:22
1115dae61,1115dae61,low,0.2733,High,7.85,23.5,2019-10-13 21:38:51
6fccddb82,6fccddb82,low,0.2033,High,7.88,23.5,2019-10-13 21:38:51
f753ce9bf,f753ce9bf,low,0.2,High,8.22,32.1,2019-10-13 22:08:21
86f00df48,86f00df48,low,0.1733,High,7.67,11.7,2019-10-11 11:00:46
e06debeb8,e06debeb8,low,0.1567,High,8.24,32.1,2019-10-13 22:08:21
e1ef8e754,e1ef8e754,low,0.1467,High,7.68,11.7,2019-10-11 11:00:46
f98e6e2b8,f98e6e2b8,low,0.1267,High,8.79,14.9,2019-10-10 18:17:54
9bed223d9,9bed223d9,low,0.1267,High,8.78,20.9,2019-10-13 13:42:08
aec21eaac,aec21eaac,low,0.1033,High,9.4,32.7,2019-10-13 17:31:42
0857b3d8e,0857b3d8e,low,0.0967,High,9.31,32.7,2019-10-13 17:31:42
e6ec47f29,e6ec47f29,low,0.09,High,8.12,5.8,2019-10-12 17:58:04
1be68632e,1be68632e,low,0.09,High,8.85,15.6,2019-10-13 16:31:57
b4be3ed9f,b4be3ed9f,low,0.09,High,8.65,15.6,2019-10-13 16:31:57
ebd217fd4,ebd217fd4,low,0.0867,High,9.17,12.2,2019-10-12 15:31:24
8c70d6efc,8c70d6efc,low,0.0833,High,8.86,14.9,2019-10-10 18:17:54
111422ee7,111422ee7,low,0.07,High,8.64,15.8,2019-10-13 13:16:45
5af253695,5af253695,low,0.0667,High,8.59,11.4,2019-10-13 16:59:13
91fc5722e,91fc5722e,low,0.0633,High,8.77,26.4,2019-10-13 12:37:10
1eee1b944,1eee1b944,low,0.0633,High,8.83,26.4,2019-10-13 12:37:10
310c79a41,310c79a41,low,0.06,High,8.19,23.5,2019-10-13 22:40:39
b93ed23a0,b93ed23a0,low,0.0467,High,9.32,12.2,2019-10-12 15:31:24
91f8864ff,91f8864ff,low,0.0433,High,8.7,11.4,2019-10-13 16:59:13
67774dc32,67774dc32,low,0.0433,High,8.26,5.8,2019-10-12 17:58:04
e4f7cca85,e4f7cca85,low,0.04,High,9.06,51.5,2019-10-13 19:25:17
f99681e2f,f99681e2f,low,0.04,High,8.13,10.0,2019-10-11 10:13:31
3924dd271,3924dd271,low,0.0367,High,9.21,51.5,2019-10-13 19:25:17
c9608e10c,c9608e10c,low,0.0367,High,9.22,24.3,2019-10-13 12:17:16
78a890306,78a890306,low,0.0367,High,8.99,24.3,2019-10-13 12:17:16
1813081bd,1813081bd,low,0.0333,High,8.64,14.7,2019-10-13 22:41:40
57b5ca965,57b5ca965,low,0.0333,High,8.1,23.5,2019-10-13 22:40:39
475586bc0,475586bc0,low,0.0333,High,9.32,51.5,2019-10-13 19:25:17
2dba4eea6,2dba4eea6,low,0.03,High,9.28,15.9,2019-10-13 13:16:45
215b886a6,215b886a6,low,0.03,High,9.24,15.9,2019-10-13 13:16:45
6c3c364f3,6c3c364f3,low,0.03,High,9.85,31.9,2019-10-13 13:01:19
53ca657b8,53ca657b8,low,0.0267,High,8.21,5.8,2019-10-12 17:58:04
081b100cf,081b100cf,low,0.0267,High,8.33,23.5,2019-10-13 22:40:39
121b44bef,121b44bef,low,0.0267,High,8.01,5.8,2019-10-12 17:58:04
077584d71,077584d71,low,0.0233,High,9.86,31.9,2019-10-13 13:01:19
b8907d293,b8907d293,low,0.02,High,9.17,24.3,2019-10-13 12:17:16
ba76ebfab,ba76ebfab,low,0.02,High,8.79,52.3,2019-10-13 14:31:12
176bb0f33,176bb0f33,low,0.02,High,8.64,14.7,2019-10-13 22:41:40
3970a954b,3970a954b,low,0.02,High,9.35,23.3,2019-10-13 20:45:53
bd3ede750,bd3ede750,low,0.02,High,8.41,10.0,2019-10-11 10:13:31
0ef305578,0ef305578,low,0.0167,High,9.34,23.3,2019-10-13 20:45:53
9d744e5bf,9d744e5bf,low,0.0167,High,9.74,31.9,2019-10-13 13:01:19
1434f44e1,1434f44e1,low,0.0167,High,9.44,23.3,2019-10-13 20:45:53
53d6ab60c,53d6ab60c,low,0.0167,High,8.92,14.7,2019-10-13 22:41:40
d3e241674,d3e241674,low,0.0133,High,9.88,40.0,2019-10-13 17:17:14
654a12ceb,654a12ceb,low,0.0133,High,9.83,40.0,2019-10-13 17:17:14
bebbc08bf,bebbc08bf,low,0.0133,High,8.37,10.0,2019-10-11 10:13:31
b6bad81ae,b6bad81ae,low,0.0133,High,8.93,14.7,2019-10-13 22:41:40
5305edc84,5305edc84,low,0.0133,High,8.12,10.0,2019-10-11 10:13:31
a1639fc4e,a1639fc4e,low,0.01,High,8.84,52.3,2019-10-13 14:31:12
4951e7386,4951e7386,low,0.01,High,8.47,11.4,2019-10-13 16:59:13
31eedd54c,31eedd54c,low,0.01,High,8.48,52.3,2019-10-13 14:31:12
fc95def14,fc95def14,low,0.01,High,9.12,53.6,2019-10-13 18:36:58
b4ba8bbd5,b4ba8bbd5,low,0.01,High,9.34,53.6,2019-10-13 18:36:58
dc1de84bd,dc1de84bd,low,0.01,High,9.23,53.6,2019-10-13 18:36:58
4dc9d84a0,4dc9d84a0,low,0.0067,High,8.61,11.4,2019-10-13 16:59:13
417892918,417892918,low,0.0033,High,9.47,100.0,2019-10-13 14:38:48
82ed5d2d3,82ed5d2d3,low,0.0033,High,9.48,100.0,2019-10-13 14:38:48
8e21dc99c,8e21dc99c,low,0.0033,High,9.61,100.0,2019-10-13 14:38:48
7e2726f3c,7e2726f3c,low,0.0,High,9.44,100.0,2019-10-13 14:38:48
