Attend_Lectures,Complete_Assignments,Effort_Quality,Peer_Interaction,Forum_Participation,Help_Classmates,Satisfied_Course,Would_Recommend,Instructor_Clarity
3.6496812957092963,3.802255997935237,3.4887811982917505,2.315773947040845,2.5683590398134974,2.80588693996674,2.594010911177691,2.5309131833542047,1.9267392444137008
2.6196890078306394,2.96834581662241,3.102097307860824,1.7177457277230905,2.2413655525997727,1.3696435556142936,2.51840458989187,2.5995506080532795,2.5900494457207386
2.306199551377249,2.7166167597488777,2.6819092359900014,1.0,1.0,1.0,2.4376912365028347,2.347847405554875,2.6627271234150935
3.312657845656538,3.4387926603651495,3.2407493006866237,3.255929464850605,3.080330786812631,3.8345866289680934,2.7378514179509668,2.705121870442651,2.3499418695744296
3.3083115682768565,3.2824089960635305,3.0216763829707523,3.3790190969399787,3.724613780683762,3.020741516270596,4.096088554900293,4.295217056695643,3.8508844725982083
2.405602453230301,2.79563264640141,2.2540874886517157,3.964390308666801,3.9167277326013052,4.027279154200995,3.3701820489717678,2.95813820774571,2.913383492685218
5.0,4.872406273697495,4.842206235844349,3.4369383751755525,3.3722373440178965,3.439585644612021,1.6093836346535109,1.9355303348428268,2.0321525273570047
3.6754858823307517,4.102661935795964,4.231915667079599,1.9532685922697848,1.882379447862872,1.0578470919817584,3.2653267294211337,3.1854176752176997,2.8868379457895887
3.6615012480557794,3.901680231597289,2.821719887943442,3.658662618915998,3.6873123783384947,3.713093856444988,4.179289240634998,4.988959357786122,4.397352488869879
1.0,1.0,1.0,2.652231345536442,3.0370624225316836,2.6115919531303917,3.8355787279862255,4.172588915159545,3.147709103091866
2.5014516057099954,2.817009253880825,2.7783069466305466,3.765346793414527,3.5755361632282856,3.163611506525106,4.295302358468867,3.7582085789949353,4.304924830099187
3.1817212116996583,3.5560757972007546,3.0631883648086276,2.82263688185191,3.1377088963135127,3.164454063775761,4.127724871694314,4.188026943240258,3.656633633273217
2.497523322928064,2.672149350688815,2.7493380809546917,2.598904781628404,2.9501882386209237,2.5498655986842316,3.800192081881621,3.841266630659858,3.202174356905404
2.841342360848895,3.2205339952123664,2.6772699208162987,2.475364567919421,2.466393278474222,2.131168515968087,3.7450377268714377,3.3213293871501977,2.982710880413147
2.4723562624574997,2.3689326858945323,2.8105927010054055,2.936910225496342,3.2111486104065112,2.627318202388018,4.419298121746909,3.7607679915683336,4.18203464865615
2.68328135139697,3.096825017128628,2.419405003629261,1.7344360165040982,1.8853177338187872,1.433935857838342,2.5385856197651915,2.3559618816661954,2.07480603756407
3.182660714990337,3.322812051212436,2.870266276451215,3.1606760238780853,3.009049555160318,2.56979538791417,4.158516306812855,3.8561322495407984,3.7243428791612856
3.176638347987499,3.0811136311852487,3.196053100867882,3.2612281897672726,3.4714695056631673,3.3478314904514996,3.752277623293692,3.0588773827410383,2.8618396424102546
2.3936671594357963,2.603739596855803,2.2999492660061316,2.2358807556512357,2.4019487245826596,2.41539542040445,1.0,1.9141449533253305,1.0974558149247184
3.23002756765704,3.272906754380485,3.4230253509195334,3.4304358674769344,3.516124149641828,3.35865142767598,4.295599898744172,4.154805747001138,3.979192883759351
2.611699363069646,3.082801593063038,2.6739612364658294,2.9904337820669467,3.2181355392783324,3.2457906991454095,3.246857470806301,3.6862799880193706,2.925824464840934
1.916581960279599,2.347168574966039,1.766697615245915,4.524634249032786,4.3934942791717075,4.8389128682852505,2.408174959384825,2.7114928285362785,1.7070588384373795
2.0170021221573435,2.521028222607376,2.521455319008028,3.9950547062589137,4.160145132030194,4.095254758090318,2.947293650569928,2.90717275328346,3.1277851628052487
3.0098548924337476,3.2921532165363043,2.5752868745139135,3.622598923733874,3.1047457893732493,3.958408465938692,4.1158640144128,3.7928556166403533,3.452960582199695
3.44607118930621,3.169909368826968,3.417258111220857,3.4063016269438045,3.5898506621073834,3.0838172535020245,4.14614054167925,3.7563989033111334,3.910671182941407
3.1030184335578763,3.2464282984210615,2.7400927291048953,2.8127595652081734,2.731647368553962,2.41578062503139,3.5515229671206856,3.120647208417255,3.018370858079041
3.5344535626198916,4.086529541423667,3.672111179198,4.314571249244638,4.375531454045835,4.3404746105609675,3.5836933716751855,3.317169617672549,3.6304917759600333
3.277037435448663,3.7561278826569673,3.3125632188001584,2.0827371529046963,3.21521353658943,2.0450369626841116,4.133056396319148,3.3845293634460636,3.3176562278558217
4.172145365364103,4.039257014236718,4.3312892905560725,1.4683530687317417,1.271760900390755,1.4743533673197329,4.454129940886526,4.604316578314365,3.91186340254776
3.48012886983894,3.671807859990543,3.2289844153035827,2.863508178908264,3.5572217608664385,3.586592539783601,3.899851987049712,3.880630712288238,2.496594684190897
2.7266996469597267,2.9907082966854714,3.046526551021573,4.229713697305021,4.058368162271371,4.319875798582995,1.7057207730884083,2.0937803807735103,1.7002154118461568
4.026414257392574,3.88077902279264,3.6851402735813736,3.188633821482805,3.600616560549969,3.5318199853278007,3.7302936796396264,3.1998723340989463,3.559978559300803
2.567188589325064,2.8690826914658993,2.775077084428876,2.7450927030892585,2.9403391586313363,2.720127962737384,2.3357358250856812,1.5372406151539186,1.8140874885124147
1.6758866069427918,2.261838783408973,1.9453969259795185,3.0923563598248287,3.154550242862278,3.301933747356239,2.4378603098257816,1.7131296552330522,1.8207007776520139
4.374743057974349,4.619753099821416,4.085370898185916,2.88937251655316,2.774059507992247,2.8058944443161664,2.192441706803046,2.5174857814488583,1.5155084128178524
3.901208604707063,4.532214267414042,3.2552182304551254,2.48913710509981,2.6519262284692924,2.4729697724897575,2.5310893030626422,2.9502320479012667,2.2166558199185022
4.383358289852022,4.612386286601933,3.889285392556458,2.6704643039071145,2.9721221562754714,2.874956686368151,4.005210917972782,4.002383837740294,3.9710379915237852
2.4200728693018805,2.7372360989248996,2.2058817734306393,3.534933419893828,3.5840934117500725,3.541662267787302,3.317353775580094,2.8296677302786994,2.958575454523061
2.2722133842736296,2.642849690169151,2.560392020034875,2.9221085221172736,2.8736118714793926,2.5855827978947037,3.6362444808558623,4.150299035381273,3.4834516111515375
3.345969289094654,3.8213913305754237,3.964051097986752,3.311010327026446,3.4508282942112154,3.232504430614142,2.14622099887759,2.4178821412914555,2.1234660302527897
3.3793789432016474,3.9384482538767167,3.2736461006969173,1.8744637198169882,2.0038441930042037,2.2995905380384785,3.06944786688684,3.242884105762252,2.6924492622039633
2.7206668756935852,2.6804271344443116,2.859092575008909,2.3590736187217916,2.7217904272608955,2.085454671557331,3.65832370773028,3.770133022860701,3.034684233435925
2.767240479112463,3.4012782259798744,3.176548579197774,1.790080562626909,2.3240773728298985,2.1122932587937404,3.0060832663119226,2.2663417243775306,2.4082186748506667
3.6204903621858393,4.047460423341306,4.195595790326431,2.601888698535704,2.1373181827404393,2.381734760090991,3.2495244360543305,3.167659094756399,2.513787073054078
2.457438012452858,2.5847396777933946,2.4920024990455456,1.7326243973362807,1.8496882725228545,1.9349680944634264,3.1449069432017103,2.7798782001908684,2.95095772845012
1.8622867345392256,2.40103216793682,2.1806716062851423,3.1767507379497126,3.0673039247858336,3.46465506174223,3.2427234453374707,3.7518700980736948,3.0330247022974297
2.8507298653640047,3.668753872402214,3.298994233119928,3.3515157214199554,3.2503707747266244,2.7843573969139213,4.358579318884175,4.520563202950339,4.772164373834702
2.234492126141991,2.414176551995036,2.344697775963817,3.191094358203723,3.2247139112542227,3.608273439294332,3.1207871161526737,3.2797946731180363,3.4349524737504242
3.386647796832569,3.540169157237441,3.3070583018377295,4.045999795637056,4.177076378746486,4.352757543841134,4.463174126686191,4.661970133065879,4.368311135831595
3.7223961308666818,3.76244974379274,3.2680751871453424,2.385217992384978,2.6136585660825284,2.131348982642171,2.9988800543297094,3.2697215782513616,2.881815947273456
1.7623402496089375,1.9126593888755865,1.1880837702967297,2.8735923043044638,2.6770439438684015,2.8849401265251013,3.818481998853203,3.968097080756451,3.870589637883999
3.0803592273083313,3.609186852067506,3.2697853706006206,2.792856168373725,2.2828189355283697,1.7743407696675728,4.052262040340535,3.967617201896391,3.534501764779831
4.427471937324642,4.67800000156162,4.245320967563224,3.986744143150655,3.704484637217431,3.9099534233750717,2.9559967827100153,3.1471012020902784,2.4421280718157448
1.430398490785168,1.9331389917988349,1.7035770233718108,1.7043063024883205,1.5964086514262013,1.349657807721958,2.6403301722102444,2.7375835468050678,2.0448269421949528
4.046836880896685,4.338384619471849,3.8542697877330596,3.8445907838072535,4.230884117015814,4.229726306472754,2.4504276739569297,2.50574244568227,2.274839461705415
1.5354991477280244,2.263698689743734,2.2074358908331266,3.346732505785906,3.77075672441842,3.716043015212649,3.55375798544765,3.0664795410635426,3.6272735501029647
2.4719992287525354,2.7740879139486894,2.6894112569138873,3.098615178676912,3.1258133018749534,2.777912281334762,2.8908152898503072,3.140312818441144,2.6666802406143852
3.2740126292007177,3.5244793623447515,3.3123604808391502,1.5225368823256171,2.1684324632805345,1.9143512031106509,4.04100300841655,3.345861425452425,3.2418694169151356
1.5869594601084724,2.287677995815272,1.9493940516639037,2.443069992777674,2.370221050881937,2.4545181065495543,3.9245210659386567,4.1048401450542755,3.510329890893421
2.959180392805319,3.759746627271904,3.1008813970168543,3.801274875729844,3.370591728600869,3.6934419801976586,3.8395734191315714,3.644353815438993,3.3360468652290654
3.0770735045404334,3.524745683962786,2.6948767461706122,3.302403680806937,2.4993723443979072,2.7893108958483808,3.5666770725776367,3.750568611049116,3.589991255469325
3.270006044525591,2.94900520078418,2.9006185446826978,2.3677534272290264,2.763659827924937,2.491945173457121,1.8571154384668314,1.9468275147010934,1.5738200236013993
2.9688028510826765,3.454901194667271,2.7503108191101395,3.7015716876696088,4.423350992540453,4.019883776266984,2.5497188290218795,3.0278634281128913,2.3249696207031794
3.4009127741180007,3.7701082751020563,3.015115681570347,3.0589760948544593,2.714316502494607,2.9170225170323807,2.6660630945191466,2.6536798825482135,2.6179809295012895
3.1984235132189838,2.866526340860528,3.051151081121857,2.906065872946175,2.1234268252445023,3.4921074701753203,3.7788134529170785,4.249536603212457,3.2044815715261685
4.142587240467698,4.208218567692384,4.164698965045432,3.659146958385089,3.354033476710561,3.100037444765684,2.5437945877823482,2.808034023931637,2.4584825942359645
3.087047809707993,2.9225535158373646,2.823741998694961,3.5180305004218306,3.4883425983434564,3.6911826923794173,3.7098102921438176,4.35997861136317,3.2897332186304955
2.6551172549080606,3.5065477351773984,3.0340002200056557,2.0310813163457393,2.4327423365846723,2.0492216814515682,2.997451340611453,3.4266918045914054,2.5319331367626194
2.188227011439898,3.09384769719829,2.537005600526297,2.2622155873845093,2.3577661509684105,2.525735251788401,3.980694350115776,3.6481139285020396,3.384600568625536
3.445029941139621,3.8342958223018995,4.132515961860555,3.1495177014987905,3.573479966957144,3.3577535946075963,3.732229583308731,3.776958976134829,4.1957908514689315
3.5526832073300905,3.9114774851545673,3.4553909079630243,2.350056378721856,2.2032505414795707,2.1304462893344094,4.737390694925434,4.609745531291335,4.5007012029130715
3.707144981945364,4.190050044019751,4.361168017461209,2.142074197125504,2.3296583221832456,1.976704823141135,2.840804753697,2.301451410079314,1.9350862493237058
3.8592175216081133,4.676908856825265,4.008179443345887,3.3553056000535566,3.680433528276724,3.7033729990241975,3.897635446220045,3.8538482865233217,3.771138979790935
2.14237393545818,2.637824621437229,2.2594240543100597,1.1810497476206339,1.4022771536881997,1.0189560136363365,4.394091814970147,3.8950328159973604,3.2939317657240563
3.832098772153404,4.081513877148686,3.6545159707082577,3.8035004146483056,4.169508706338153,3.556737124502347,3.751750662287815,4.011996966937159,3.690320546989058
3.032145279675355,3.6571239688838384,3.3372284642674743,2.8624149110957693,2.818749927549392,2.983231592076577,3.910531540415281,4.022953051063312,2.9847168049583988
4.547305386679383,4.8384285400607325,5.0,3.8023266200877677,3.678800312344402,3.83380775210052,2.6719465505194244,2.503134812950109,2.614389371068863
3.611140670280478,3.393380496264008,3.228046126624521,3.487264504384894,3.486220222978805,3.510168078208073,3.460674944740901,2.89661240329634,2.8615784925086736
4.171668024534415,4.527308644117708,4.347061393911314,3.754920809586676,3.511927735807183,3.5481534632916607,2.1036416528877684,2.3167320010845254,1.1023562098949669
3.0571804519525223,2.634819589594337,3.1822598643221642,4.153706053849479,3.7277866507593176,3.7754216762198083,2.135098732706203,2.4558516535224366,2.016896394051299
3.5058076819060977,3.4896696619086063,2.9236787691786597,2.5425492214214445,2.84450415740925,2.6428425600217498,2.631918625068332,2.392559997377899,1.619543583811911
2.649317408714407,2.8989573074541855,2.54432301552134,2.1867192402512163,2.2515521837886,2.717075855024399,2.865638434796889,2.7583748007857833,2.613992026358636
3.6420550629652135,3.573369795574161,3.200119591313751,3.6776234774213368,3.524997787139469,3.4817671674825066,3.1612927580214523,3.8160504816610845,2.9353029537155124
3.760279453091517,3.805163958985089,4.3040919517929375,2.8707398157533084,2.884718765734356,2.8401605253102966,2.6358301243902855,2.619536672458306,1.7420437920744374
2.8404541884378913,2.68977581341158,2.6825621293567616,3.9903247877947474,4.008443893984182,3.5906471024362543,3.296401861400378,3.806668898175006,3.239656374970472
4.447821096893709,4.882375479146354,3.8440734618939145,3.531089176330372,3.6770236215324434,4.1342900563667655,2.965557878610318,2.5636606611306485,2.1944336180034743
3.134907205048938,3.2462197286349923,3.3950239312040424,3.154109484146621,3.1841073937394238,3.1612295968321793,3.4415767682062346,3.4963188758516206,2.8619694843637298
3.5025494662104286,3.390418864048561,3.4748191479277,3.023065579989092,3.1555963703414953,2.4933507030177173,3.637923939491414,3.239829892101309,2.5962536913421514
2.3663578403659686,2.4571482330531773,2.0140721722601516,3.505631865071558,3.9554010982966665,3.8095501641262146,3.06719088285968,2.5952929033097973,2.6278717943158822
3.3316895489344063,3.9750139144496597,3.786586805734582,3.1593454646621377,3.3354129266456636,3.181560531230308,3.3109072340583516,2.657340729865047,2.666487419263088
3.9098938089504034,3.7342903490180888,3.5206552121397485,2.350974031478282,2.5186279970577345,1.92623306156771,2.6328808176439464,3.2204918985884485,2.6627301758036976
3.3918396744103214,3.5549090283496954,2.9487159699805012,1.8412731078329219,1.3373334182312488,1.6950799653221136,3.1639506556849906,3.2613552208047056,3.199498319829537
2.9078451301180244,3.0495857805634325,2.9282936997618236,2.791268667911938,3.0633076073031402,3.023614254944691,3.2830036749829135,2.9456419302445225,2.8433195840818524
3.138614700927854,3.4920040975149766,3.004272645272476,2.505290729332806,2.6263599477580133,2.400995892619009,2.3597752764183104,2.2364312045140147,1.5799317591001523
2.9644212404542714,3.5773291387079924,2.875216603624308,3.542931250066891,3.415111766270412,4.877976711563958,1.8018488744045569,1.7561339679068073,1.5478550380759777
3.617984933881154,4.318994233443806,4.251071952798375,2.676229379261387,2.4031815450727065,2.9881799392658452,3.122323929970554,3.2119996718405175,2.1975060975461536
3.654553829793154,4.264233624866635,3.432166343528481,3.8039457267856998,3.301702098052011,3.512040561601164,3.291587056098123,3.6900848574943206,2.8853273359546745
2.995046552107114,2.9520664624081494,2.924408682540232,1.9509864568531587,2.6225773425638623,1.6416534005569465,2.9893238665064112,3.2670638106490464,2.3537821434150414
3.02917485355814,2.8701235432776167,2.5939769390145053,3.267666703904519,3.5230722676043187,3.480263345504764,3.0329733272960433,2.7269676943719103,2.967587832387091
1.259344897031109,1.4652931241054943,1.2324692485140392,2.892163027586986,3.2295363304591973,2.781782148396328,3.8439473078720168,3.7684909828288604,3.734099526150438
2.619152722433149,3.12950393748162,2.5014135336305046,3.906179078998616,4.3270215878020775,4.271489150918876,3.7431632025465014,3.9241065104941892,3.5359494538438567
2.8242148915344076,3.9757153553303577,2.9248585059987353,3.2373238228542203,3.4602326622003767,3.306654523435623,2.87638927657832,2.7184921375616264,2.238364474448611
2.323684308913659,3.226660531124306,2.685227020320852,3.4134770958776617,3.3963831943805034,3.4261277306710958,3.121299895496801,3.1286421901408485,3.017492215017839
2.4671144226130277,2.4871535666446425,1.8660238683906232,3.3944095151931863,3.4632160597982087,3.4339246653566815,3.928065168312565,3.7269387333170783,3.637198054189683
4.027442644027245,4.042730074393855,3.6573018682377962,2.715196790325121,2.7513983308476755,2.3707819892520092,2.1610667839116107,2.5279602500994924,2.119670127231593
3.282589943950718,3.914658785533722,3.3653713776906615,2.2356890109092484,2.3970611777257,2.3267044208673813,3.7527711863063087,3.1615537797738544,3.4630363574808776
3.3200815493928006,3.652587814804859,3.5812590124500594,2.171740018204787,2.450057579659193,2.204437400504921,1.9762227714293128,2.2008282890358006,1.7049468028817847
2.6683979750402465,3.0351019997741284,2.6246997998211663,3.5154070227765404,3.3778365661595573,3.100919039301773,2.9622273500890364,2.7877041937095903,2.6713247619516816
3.5754702466436226,4.613951683181489,4.103831990132428,4.190142486781342,4.208833682125961,4.589269455300358,4.068927482092324,4.527898327428563,3.7985525703472622
2.5836049901811498,2.8670403187628315,3.005595956610891,3.2338185107592725,3.423237273193006,3.6812220314244395,3.8102582673780083,3.1629883365491747,3.2723931103440216
2.907423625404558,3.4993709191951345,2.8518283679661773,3.5136747890868802,3.5905459232607235,3.5923139368499895,2.738985145339675,2.1092865959137903,1.8085506338686803
3.3905650866909367,3.237149946867058,3.0875487783331717,3.3872766725645027,3.460333734225706,3.390410895221694,4.297814608330448,4.668132949733229,4.170276135001153
3.1259963591416224,3.8366401845171403,3.2771092421872257,2.7601016707831363,2.7259523304340387,2.522671093243333,4.434402642676713,4.6285930490618785,3.8022732871256855
3.3638652582089907,4.052770058776088,3.3116195509938895,2.949068153253676,3.056820104426443,2.36881866528766,2.621741697352703,2.4935360950177285,2.3081544696000496
3.364637072061635,3.6964839145735002,3.3608798842491163,2.4803442681624723,2.7633652342691737,2.4550106442148865,3.686810042461424,2.9547256846040604,2.7809400477277695
3.5721527598330276,3.76019141568117,3.934988692539776,3.7739456142181296,3.638540984469231,3.7270943432338037,2.9128185823506376,4.290861281973707,3.223104417031041
3.4447797689134543,3.798899737611905,3.4103084472129948,3.594770254334651,3.9650818365935834,3.5286223193217134,3.728826209323896,3.7130959774695116,3.5000905974695207
3.2545254066850067,3.630009346821967,3.1836959827685143,3.5830912234124312,3.8430261296466175,3.1550815525893157,3.015532362774824,2.5174014494952366,2.6300386429437363
2.682341049559116,2.7231195900407057,2.8797605924125618,2.6657415090934817,2.676246096023013,2.6907592678164507,2.625653891488255,2.825174757115605,2.176185384362274
2.424438385240256,2.6264654232694147,2.8914684045992853,2.7024413366605637,2.911859056897816,3.2305636799708095,3.9037093103440337,4.066558171827402,4.196567073503196
3.653297614696433,3.6700165722292812,3.7408510898931078,3.7527397912770457,3.7559949320453816,3.6685054297140867,2.522150283418463,2.131457111551705,1.6558564553525525
4.469553883633869,4.77705512526795,4.029187603375584,3.993270277313956,3.5669450672879166,3.909288288677872,2.401046273938123,2.0823996912565867,1.6453660940217074
1.7020660138274804,2.2320954768823746,2.2924170248231777,2.610341575439734,2.477117124612989,2.609197138750133,2.34559628771519,2.1684085341493784,1.9848214527569827
2.7058040808764265,2.5903665269753553,2.1779979490162775,3.8744601043594953,4.0755704601752925,3.853385817320194,3.51523508878636,3.220780672609198,2.5334525446000074
2.731861533456801,2.988200971295716,2.573673529497378,2.684106957867752,3.4452155832660445,2.5536036184605617,2.973547065158704,3.0138506041060396,2.2229823640601385
1.885243645066598,2.5227782716964042,2.120488106812245,2.372675355277226,2.5404048953353744,1.9930790419852416,3.7523452937771244,4.301294141951562,3.9312190643450737
2.461856205416883,2.4956488893003064,2.2558867109175003,4.538842080106232,4.530993676436083,4.96868549487539,4.3287393227189055,4.0082750562565135,3.5597170096531565
2.645401184380108,2.7133451714312544,2.639226941355121,3.057239385218685,3.0249893222903497,3.0665930247537463,2.3374999788553392,2.2477041998251215,2.432295640339527
2.7550708366616146,3.3184060768529973,2.7208957836491243,2.747582254108897,2.645229111360106,2.437247215147522,3.2445279333359935,2.8154465505397313,2.624341088860345
2.8997115470096118,3.3822165210594157,3.4818711563520637,1.5420509158030926,1.8394445266210186,2.181691895172355,4.083575819455145,4.309051292809963,4.350430811599894
4.044645651984628,3.943474194781599,3.774638274993785,4.186764637776364,4.735179025917826,4.836709788648514,2.858943558678079,3.2884306854613965,2.8262138819102596
3.6367785452648707,3.6682492227025687,3.3870223401107475,3.5266338934122743,3.5757366058390843,3.2789749672059916,4.9801029889776505,4.971862226161241,4.739902382343033
4.329388953859922,4.606421662937029,3.894717839760545,2.8285220776684357,2.3488245686300537,2.990414584685345,4.957066765609097,5.0,4.926646076153713
3.321708239021555,3.920952345146469,3.345392550682,2.551681627114275,2.3912943822010844,1.9620081508013931,3.247581053615812,3.727255572542124,3.0903643419332085
3.7430975397216306,4.171725664188804,3.4316914163989956,4.189603947185173,4.076771164094445,4.340523469885854,3.883420890055278,4.264141091254358,3.7154951837717456
3.590593777042878,4.114308968725586,3.6659162671567613,3.639873904743269,3.7918937681749822,3.9632710666214805,2.99939707060226,2.2561996242567997,2.4439552335201835
4.0902864765293625,4.606416920183538,3.7791526010280627,2.3717366368066544,2.366923844443415,2.031512299439619,1.9472248300104469,2.5557430972696658,1.419001791342274
3.0526463988333075,3.8869712105578826,3.431743933605253,2.8443951057896824,3.0914671901798774,3.084836941198001,2.455987457861406,2.7025940613535706,2.4257141098763064
3.87017279718631,3.829080410663888,3.787167706086578,2.527163617905577,3.2064412042107513,2.8983685265022103,3.8322976090318512,3.641844854394117,3.4208811765547376
3.4976098876304254,3.4041592520517554,3.0878675379053027,3.4580117409234497,3.214077161673605,3.2414358093909987,4.116039465974965,4.016335859519423,3.5199735665911334
1.759106939861515,2.090540554730107,1.8032764318074306,3.3807862516914637,3.327641626673962,3.610049636514634,2.0700498831261998,2.553176344808807,2.653447836020406
2.5608186298021325,2.5945855247213943,2.2980957140023683,2.8528246435167794,3.2466827598869865,3.100093328665452,2.5681138319531946,2.78616340935842,2.512393548357003
2.743397269202294,3.0999428092457735,2.7220416797524223,2.479500881515345,2.2625071940725325,2.057627489229042,2.398342170711542,2.6511563338427035,2.7660608901314303
2.7760094789044554,3.4571544720834817,3.529173338464001,3.2789104254049013,3.698783517247005,3.3097225089722255,3.0281991532350827,2.9276592607755076,3.3409347386981376
4.029224576458883,4.635824904671248,4.347197130255147,3.26126576857303,3.106800962443763,2.9437636296293785,2.3336567067971776,2.7990087349872548,1.89151928616327
2.454600010425289,2.885202853720515,2.3821734998016835,3.1848882528850453,3.2604361212286266,2.694314476526759,3.870464944871049,3.33225596057296,3.622107805609085
2.616660385295433,3.13871815193879,2.685927929549574,3.9505727163079105,4.238081800396882,3.8761962557127276,2.719152690329159,2.273059313724429,1.8376618255591182
2.749115678627974,2.8915528203001433,2.585855459193643,2.881698884719473,3.070305843830065,2.6337850592509255,4.565258412773191,4.705572470640824,5.0
3.6104600984699196,4.613927547803127,4.296322451660031,2.666281523930272,2.585805926441909,3.1563088548946268,3.1248461764332403,2.8701491917189594,1.981946017347093
3.6058006412364247,4.052882611794427,3.755838627112156,3.159414870774044,3.065123198468171,3.472476374855419,4.478782908717922,4.184033486294236,3.4225382431077565
3.5435672025797,3.4401609160272915,2.9872032224638083,2.527280244722706,2.9218276936425767,3.4800026626250316,2.6191539598269893,1.6549379501073094,1.743455056134713
1.932461235435711,1.91270719262408,1.5641545000767612,3.7196308810895804,3.7629985633376504,3.708525322746996,2.9663441029854836,3.1556794975102296,2.73913310915841
3.9681523584509755,4.48792199581882,4.043955410070311,2.7582300648361446,3.179720144099375,2.685105387493228,4.389691908491679,4.398838050352403,3.8668042574061805
3.0335211684808416,3.1272282477355184,2.6747534922933047,2.8772583756788714,3.3934769187321754,3.678093078562538,4.03528225928908,4.456031189902929,3.791923729935042
3.4658760595971514,3.971244884405284,3.401586070801644,3.3076757762596505,3.3873075770959487,3.2866678596841137,3.150367925471469,3.4123090841557158,2.724627833314462
2.8091204916452064,2.85865598305689,2.684940746979877,2.832757097576531,2.572036044336506,2.6660265789207847,4.123758636018843,4.518097106007469,3.8260331655041107
1.9712918160190092,2.0575794642242173,2.1847919485354197,3.5936944111077254,3.3832281973690557,3.2756621817977294,3.2391626815130103,3.334857269483606,2.766220049197506
3.2711188512081106,3.805315967058233,3.011717560758139,2.3197465660674466,2.6053289348712045,2.6247072359370156,2.8569084537191367,2.4402960131237528,2.2957945605764856
2.3477512528552174,2.991208526544346,2.793734466126579,2.730275581729672,2.494339527920115,3.3466950506728494,3.1210894710494417,3.1743496111393292,2.9818257530812797
3.3740817289306744,3.4453263323844365,3.3203681333091297,3.2096869291607333,2.936175698191497,2.7143080300420257,4.152022651570043,4.541943547475189,4.095919799211883
3.463803460548717,3.4178487344478654,3.4556289212355837,4.367409419605805,4.3913175169586465,4.551107449408969,2.4313570924475236,2.162768917356659,2.057873942021833
3.421650626921119,3.673173414192114,3.0735607717927462,1.618933297579086,1.7610170887160956,1.625249684690064,3.3069748298668853,3.1051229012116943,2.5549858976551487
2.89655379530317,2.50452398687409,2.81053351460481,3.47960243013145,3.786454148600051,3.7518421390234344,2.3643128028503506,2.742859534924647,2.125078387466448
2.6208931174158523,3.2509091234945244,2.8436062740743258,3.3791471992777717,3.680347834206977,3.621853977384819,2.748105005096221,2.437606105654416,1.868027003939733
3.8541582986715195,3.9229939803077434,3.362112738337855,3.511982474010124,2.9603536063296154,3.52878986889776,4.684937755905362,4.0154858191547795,4.2705554890163775
3.682083683732898,4.140394224787007,3.8737728951227015,3.498768059993039,3.278757908036413,2.851540910008265,3.259451675646556,3.289747255280576,2.7255467583369892
4.228012737010096,4.729416465479943,4.768000952393153,4.000155602291429,4.25212008474907,3.840670053055729,2.9146848442052367,2.708246243757558,2.8474978486257685
2.9871233163509023,3.587745964605405,3.1481342930091594,3.9355452191717193,4.5439408510816,3.68959798025237,3.1360266137980997,3.8062601247077685,2.860824421826835
3.6780817541257123,4.325498844076483,3.65356228016245,2.0557058718162207,2.5761713814459113,2.7587084881355812,4.173792242379023,3.996218102023707,3.8688231229993684
2.9188650244672703,3.5389340052671145,2.7349271089737597,3.7939477897553178,3.777658089287146,3.665803774549737,4.7774953162553,4.318855740646086,4.684217118318335
2.493093875354168,2.986631165395953,2.8810868421616984,2.5055354004425148,2.233688118126164,2.033946212461662,3.293957322266136,3.7705769488398064,2.8834464599097194
3.0787064950991843,3.4982563997735543,3.4424248057062363,2.575680742772788,3.1518987796749123,3.281273132035879,3.3449185637005354,3.4864462748470944,2.8514084980653385
2.6309759424461876,2.2339027350049614,2.2980237846691325,3.575040674843944,3.600352621421449,3.3471646922740224,1.8448823407127568,1.2677817880163622,1.124135513396863
1.8442394653275176,3.011346973879814,2.63479175233672,2.9620724435455825,2.6165635800536,2.6512404060825467,4.168795540974957,4.173690285343234,3.756112726832492
2.6815938455949757,2.9594923612252115,2.8403565664846786,3.126728947125334,3.7739823540859936,3.57704562757292,2.0317041195029475,2.29745794741093,1.903490511146837
2.677136188601343,3.2867859421754595,2.8081202682946955,2.5392963127280526,2.5655412352392695,3.016316856316706,3.5562702180962122,4.344286924782229,3.9932304883750387
2.823111308973971,3.2187640372806205,3.0174014170451566,2.846877581192225,2.839465976345391,2.8169758692923192,2.5872658572658938,2.060167269292969,2.191618981923493
4.551512490835257,4.793929735296349,4.817915646480848,3.6192361107518654,3.2492246217216083,3.441415863458443,2.4884298437550703,2.41838550085694,1.640199420820291
2.7059932129214284,3.235738374161202,2.9144840280518216,3.2219413074470156,3.1427122152406635,3.6300558731231414,3.5619555234545834,3.4726971505327673,3.3649412277415855
2.7753565641075886,3.335616236543319,2.6916737158155244,2.63380074495375,2.7168970208244243,3.129185822317523,2.5484784026260083,2.115182421134615,1.9637901082654277
2.999614582197596,3.052074478991128,2.529555544461099,3.456116355386252,3.6574739873978537,3.8596658938613944,3.901762240772966,4.03806262544134,3.584963182763996
3.1681897173137203,3.2928978236622344,3.5340746233352247,2.041132328409458,1.4806008464960794,1.722901069486816,3.6049209557803117,3.2937640862258952,2.7137899868936577
3.0171980570492525,3.5009172834148337,3.2155364101286565,4.205229551175945,4.41019934514906,4.778670898673928,1.9216437376316278,1.777039354973502,1.7468544819332432
2.860794196826421,2.6715691675345434,2.6895635903963875,2.8222164139729946,3.0197926265199024,3.2338235081169553,2.629228097054372,2.3080337440791547,2.3320910447293275
3.212289936525775,3.887212026373007,3.278072867012271,3.393600425637765,3.161591559528747,3.0642961526216728,2.809217285054162,3.0395822032014976,2.7416774505994055
4.706238251984372,5.0,4.322564816963272,3.8575592329223807,3.951275680169976,3.191567245329905,2.239289696616969,2.8926431665570185,1.9889853516168996
2.4447777358377385,2.970981909337599,1.9295356178850482,4.923264445725773,4.321990394122781,4.198742581127237,4.024585584390074,3.7359304489198855,2.8231241259626696
2.9286856205788716,3.1894048482714146,3.1475163862589204,2.690423446403514,2.7361572409460746,2.503015133630841,3.9950566930906257,4.371360910249718,4.065104587817828
3.914699367258294,3.9245156879908865,3.514254352310578,3.045735880301809,3.0799021629368317,3.089508442962916,2.794638197702797,2.9809022548403012,2.524638539784119
4.048070505137478,4.622115761650335,4.08752502850248,2.7909715465885183,2.976976022629917,2.7854437035092596,3.753904825006833,3.6809739872288505,3.2970507383660026
2.4406480416599754,2.6953752677816505,2.7120258857895614,3.44655720428646,3.590617845217615,3.8179032001723257,3.1751658737090724,3.1646577068819344,2.5824837509416776
3.0760627190516727,3.5857951788893563,3.02292020802401,4.099865274209685,4.166457908538636,4.595818451964759,3.3824063797015658,3.330853022610003,3.24372000298199
3.2647622288280256,3.35780692040054,2.7970902645254223,3.2810722820102387,3.8404685272235657,3.7347628523902565,3.0879471822775404,3.578179172394507,2.758087032417455
2.734357179747903,2.995767094006374,2.24847140940718,3.2089069041799108,3.3514666423202972,3.5904834103801075,3.4244381862066815,3.101996507245894,3.2100853815655213
3.8444459368823796,4.002732729462014,4.134655894389137,4.124974331106874,4.245212986175121,4.404432909149505,3.1753224333280716,3.025712428708779,3.172448390543561
3.305186930643295,3.836696883588445,3.3348195455625067,2.5968435117213584,2.606487849018161,2.615566731655755,1.7982067904810148,1.6515901733487,1.1052789659813105
3.569546191202422,4.328196157239516,3.7130565316895123,2.9448529837916464,2.9117309240558833,3.315232675589835,3.2027998609825676,3.302203650229654,2.9572600712267993
2.0321974212261034,2.182952321303654,1.7868134959447048,4.532756017353332,3.7904141661614985,5.0,3.816972629288222,4.010792571176508,3.4341296754453534
2.688940370229548,3.133090306360626,2.5322950334955996,3.2169258833926166,3.7148767916408914,3.421335940102383,3.970138006969111,3.312427058271404,3.0670323846841265
2.9367912264723577,3.566267901922651,3.4389732866831593,2.628532535906287,2.8811279012098723,2.6877471737885132,2.5393251556767993,3.1346849115496704,3.0967219624922144
3.5762446845956517,3.8561869301570106,3.3606737487928005,2.134922059378802,2.8108857541059913,2.271377996589402,2.9792750101744345,2.868637448113692,2.679748387984298
3.335180569832376,3.8257426548423146,3.6543033429163967,3.2601971062738704,2.9008361126481983,2.953420829389878,4.1270089999522055,4.119771767330771,3.9667498234175946
2.6871446816347606,3.3419869290803406,2.9985610646201453,4.415712102682804,4.119697665653584,4.636754677447346,2.6304120685027006,1.8877181136302554,1.9529939913386598
3.644986843430624,4.09738571230511,3.7169704181599346,3.5107448797434797,3.226614557385429,3.0979718446126348,3.4774600465937913,3.9555988841536167,2.840470343690251
3.5191818023451225,3.7125954159836154,3.198876149566999,2.9845570693400307,3.4184513956008953,3.520695298182059,4.304227716897181,4.031470233738572,3.346249813842447
2.0181106513029894,2.7244342119873077,2.620043428274236,2.7088620335941687,2.946606550898489,2.699203598256841,2.8695763412119906,3.4534901400520237,2.8570415490419423
3.3650818112848135,3.277252293373663,3.293544883490246,3.689137175453567,3.6849195650936584,3.610023350409147,2.3648385738303555,2.7211823499993137,1.8261224403172052
3.525348328649974,3.7537784264418597,3.0728075238014134,3.4847668176896223,3.950142494422965,3.6247087451986926,3.8061154790477123,4.33346974991597,4.912347224951313
2.5166972928251523,2.309174480013486,2.7657438533584404,3.448916076889305,3.806815299958272,3.5095194087649135,3.3492625873069244,3.8935892452492573,3.3915102127720185
2.4155289612580324,2.916473861880415,2.4211030144759276,2.7120985590808786,2.9871199404212145,2.8889559566100633,4.0827730622676475,3.741549059382793,3.8510438105230733
3.9885136890645487,4.086583486755073,4.285633114338322,3.366207426962437,3.438674997735395,2.8321318637986446,1.781655970133375,1.9851542579767105,1.9847348704217271
3.8506366441375595,3.8627554232086743,3.888588123487794,3.0340170486242632,2.6421334826884375,2.581068586563626,2.69551622660375,2.704566186332268,1.9640273091374634
4.127447538389685,4.7031450961198615,4.078235812018743,3.5583444266395827,3.4091896164163544,3.260252380537328,2.5120690382928306,2.887612555361622,2.2338340588493613
3.5080803451496303,4.5292564311934616,3.6514964363171267,3.4399549221537935,3.6493879711828128,3.4076563011732106,3.948759041876267,3.691025513775019,3.639311933593771
2.0131420555613424,2.282408148806792,2.3719879565839523,3.4112098856825006,3.182188964658768,3.101333356237881,3.2524689189024616,3.7699115287889016,3.3089218241280545
4.495379309664308,4.893139046977847,4.308707491456794,2.760437523828949,2.7907793346757206,2.019396551743009,3.6791810255025896,3.907959149315374,3.1648099457207595
2.069515276354986,2.301955319897426,2.2420309314382902,3.5771513535429285,3.805791682526877,3.763420759408506,3.263620909838041,3.5839740593939258,3.025045040162722
4.430504632461953,4.27430540440393,3.6596091692063997,2.632502734470573,3.187959687158668,2.8379009779726267,2.191123141091879,2.0365663392596867,1.4155212476417207
3.5272860698951765,4.281107446321377,3.7207641808318854,2.4139351876768362,2.4103215756366043,2.075355109044835,2.676393912105076,1.977085774697826,1.5903221646136452
3.7181732103734575,3.728042645678603,3.0818638492592383,2.2964622248064037,2.574981051050683,1.740960477676841,2.8006080424336246,2.4585294696964897,2.3505120038819483
4.55282849486915,4.52481567981984,4.849865477633578,3.720172560659425,4.155640572517692,4.278450382616842,2.6072344723542606,3.2547978618466513,2.6480202775925923
2.8666032841700524,3.2643082792889473,3.2281677517276575,3.0666876734453736,2.929866683238937,3.0066581537079067,3.6107662882258458,3.934663558448774,3.4111747942859516
2.6146760858965346,2.3227589686926797,2.4840270211645747,2.229015882678907,2.3675273454565886,2.5999609413826534,3.2620043024990824,3.115640991960552,2.5033520592961978
3.091167995217644,3.669397265055634,3.279277150425846,2.152661290111072,2.5663974678880246,2.5551348538997902,3.2403905612312847,2.868211219089254,2.6575621368133326
4.074374526990752,4.076177120774176,3.6952645452438255,2.882442403219238,3.4655710990194493,3.4506185862292074,1.5131701052099427,1.0,1.0
2.731226600915392,2.87961767598392,2.7226209582221164,2.9697884751330608,3.4491268184290864,2.420148183292567,2.1513221158788456,1.8981978739669774,2.0411460641724077
3.572108973631904,3.57824934071694,3.5360255651528303,2.431527703618781,2.5933054104778495,2.5199587976063227,3.9014129908209307,3.359990228306475,3.1475137486986036
2.128158039953302,2.7965190181117037,3.0363549421744924,3.161476220637479,2.895466983257361,3.401793327737266,1.686905267667187,2.125465217150041,1.6653962705804741
3.6083981106599725,3.285398766691967,3.107538633846206,1.7583243673524258,1.716467642891506,1.7700250051967936,3.813954177308608,3.8157390427027496,3.979326705103958
2.6119583775003443,3.4871531244788834,2.9050096013098328,2.01029285004806,2.017352356969624,1.7653849128279275,4.283103189830628,4.336236252202173,4.449991126198241
2.7666017541765244,3.051496754667313,2.552660828653406,2.051217476355198,2.147199951966887,2.18764452476152,3.796937672262747,3.885651257295465,3.2624878761301375
3.6609654614664437,3.750447596612025,3.320131974051833,2.7219870428761794,3.1053543399013344,2.7165138796845323,4.547714725090692,4.4978032132707355,4.4933169941801285
4.158205538005988,4.345620176728191,4.062179387090572,3.0042177675614155,2.923695107059901,2.8209411790959797,2.6203597099051965,2.3105960716679195,1.805400468627624
2.554302626359501,2.806317492859496,2.2966715916215987,3.0413055296701064,3.4521736754907395,2.8680932377229302,4.379447162272633,4.808792978730623,4.090587013280164
1.3684260337889873,1.890278205567411,2.0571588271823202,2.6617930558136758,2.155691898491429,1.9863365661321555,3.681974597192625,3.406747347294251,3.606505397603672
3.4524846886949385,3.8212610367738518,3.7338663032830777,3.3528371048243772,3.2459412287311373,3.328821931810741,3.2203398938861816,2.9747256812810248,2.37644575707797
4.102202474517954,4.355291584836802,3.976195694046192,2.8146990716946947,3.0140391732082685,2.1700545423135162,3.1473143253356484,3.290114574492928,2.583987112031534
2.235674289083632,2.495050754647151,2.377485806436943,3.2038857140614385,3.0084764212503012,2.289557948155485,2.167005275668721,1.8110446447860613,1.3392657745254404
4.445388075643736,4.813151697266203,4.450039167169528,2.066777128964606,2.1528628322736463,1.7125513050682177,3.454217462936099,3.0163474840349345,3.311755710159725
2.7326649325437633,3.247328973777091,2.807352161391516,3.1970705500228873,3.3185738139991345,3.2041812004658694,1.809941230151537,1.8998893627978104,1.4649551379459806
3.392225980163542,3.2262440708018683,3.3540153761189337,3.8336010407325816,3.792078517042775,3.7775019103638394,3.215165830874213,3.427044351633149,2.9630030820744953
3.1992953035155356,3.6003291760117597,3.3485824062943723,3.9276973687694268,3.422534976652343,3.9286904927353543,2.9231216237400606,2.7665260106993346,2.376962917157398
1.2475057789715895,1.7774170557143936,1.7784838653486015,3.660953736627165,4.159232420464399,4.1698399759985385,3.733551692709124,4.207416855706718,3.2761414180811745
3.0824764528219006,3.3271296800253993,2.997166344348247,2.629372474227136,3.4142839080802445,3.4829910144900946,2.5794881093113675,2.9655558256353265,2.5611805503170673
2.746504131451058,3.253015049411928,3.0100947359470887,2.3070601725146527,2.396560845494819,2.3279515280180636,2.7793546333575865,3.09363546409714,2.7244417371907432
3.9447246905068334,3.775318645425527,4.021956144997162,2.931570298626222,3.2908852954145864,2.815407436792153,2.1247446235692515,2.6643206643191757,1.3999210149400423
3.2045519120487196,3.4931331854706604,2.876085781631322,2.8147651345400453,2.5082111190683714,2.1038301865843,2.559931016719839,1.9478022929343084,2.0241005131761005
2.8277762536800974,3.466941275333321,3.0073491795282257,1.9221749045423655,1.6456706025982328,1.912336980646858,1.9129217996717358,2.4592623459064358,1.8693037290288086
2.932321529783332,3.3322898458813963,2.7606695944846056,3.2105540051357893,3.2241396424101727,3.650748242592819,3.0243683961065186,3.0747393934852334,2.4047615317496573
1.7158375030380904,1.8244243172764403,1.8077490571820936,3.2464572494700965,3.413180471113712,3.4642037853561645,3.2067987755084864,3.718188391874414,3.0863190110064385
1.8646009866144093,1.491514820442504,1.3526033493411702,2.9076935991987645,2.915730472289039,2.869915389398761,2.300763850967737,2.389549953802016,2.0540880430502115
4.048842066625479,4.411046217469162,4.188255098752398,2.968045183140943,3.3903093965034783,3.3838746341222596,3.2612555490887893,3.940300869905586,3.123788759363029
2.794145275996014,3.6141311108279885,2.982385728609091,2.24028412193913,2.4706664329797454,1.9793282409355855,2.128309647715401,2.326342486547512,1.082306348528874
3.6468050985571754,3.8576190385047022,3.119515276685676,2.0883934704352214,2.8414199333283707,2.286156859319247,2.87959900893293,2.2950426840306397,2.3635832222799125
3.4399735102093087,3.8104058881239538,3.192874837552972,3.238327642442813,2.783650460382998,2.4208679112864475,4.817695459027245,4.227487960435109,4.764465047410814
3.163524123532103,2.947186668968455,3.093953625259259,2.277651831881837,3.1924492492162204,2.465322925097584,4.792383230252604,4.9250922279191744,4.654845642282132
2.6918153640604894,2.660311645851671,2.891321706067724,2.5070069709465637,1.9889824433573944,2.2000955953555756,3.9674403460071437,3.9238659800290185,3.890586582217252
3.712534521795554,3.8136329125096506,3.209902850926944,3.835475832824119,3.5814599989364,2.815707866441268,1.5537953519863796,1.7599528340623012,1.3629568966873902
3.360768627947978,3.62665781725017,2.9006187169829993,2.188135259852303,2.9153845058669328,2.9266466244648157,3.4902757390565484,3.526679249570389,3.5216347158336094
1.8132918050433728,2.116486025642413,2.126990247005798,2.563603663417629,2.5196146507792934,2.254360865746003,3.8315924368747436,3.6373167569352143,3.3029911030935417
3.3269310335346276,3.0075230641812416,3.274925266672028,3.3105207900544587,3.8392361773682953,4.3664428963505735,2.616924029092891,2.3734388676404947,2.6578560206501156
2.529281798665932,2.925946978110826,2.7135096663632456,2.5375979860599625,2.6557504594647785,2.909272433334086,3.769507677684864,4.110614029386578,3.381676058068827
2.9211302061198503,3.349806615751899,3.2815769512914796,3.645528733443647,3.9750307698141243,3.9925830923284376,2.5076660925554153,2.2926026587681374,1.7168795025549177
2.616848223630563,3.3955559846403918,3.066116779127694,4.637315895926928,4.523548281109759,4.810188743216566,2.7761630343515673,2.696146962240917,2.2854275342500414
3.087941930395789,3.4081404081675806,3.37186469338413,2.4234382156293695,2.7639770504732297,2.581662640587014,3.1331677650589085,2.6042457222110533,1.7020990801107683
3.4137682859827057,4.17898153962663,3.5668735375416376,2.6490498816247756,3.0573881431328127,3.6968703774951654,3.716103478220083,3.921682929407824,2.9147030797058973
3.3486901577416255,3.48923000757986,3.327350511253684,3.3643465726013186,3.1404109203250723,3.0822718315271547,2.513498409760806,3.1397396656837313,2.4768399230216622
2.4735113152536217,2.9832990086247397,2.239787425450579,2.5331371647942587,1.893626904736977,1.969126867497851,3.4775529362972297,3.6602857098157906,3.057807631223877
2.555362371441378,2.6056096844548002,2.8311708441759125,3.685618753477436,3.6448859986759863,3.1997248407907386,1.8568022421728412,1.6649379340786723,1.0699240816221225
3.690014998509185,4.504847300825471,3.949857644550725,2.7938694690341395,3.0556094400488663,2.431113450973852,3.9300804848857602,4.005791640813541,3.165460579040273
3.6592453830976073,3.699256146952871,3.6079816088836054,3.31574016478006,3.340550532413865,2.6692591408878954,3.958586095112408,3.710845899222987,3.4045790333269443
2.935572992796448,2.6650423138010906,2.8354686767555437,4.348622137257888,4.01665535557197,4.028212461006639,3.8109746621804734,4.650247416636525,3.769652461446713
2.2727615727209587,2.252597687559847,2.0051249774539395,3.0883997247874335,3.5337020846185494,3.8024981227680668,1.2326440882216558,2.0804854096469363,1.2561401976557214
2.998663392541449,3.857733122647972,3.126346110285545,2.371551975850288,2.070580455128149,1.8086215150276066,3.740770892374399,3.3226652624746738,3.384967103664082
2.0199259210938325,2.7341013177676032,2.6456845121985673,4.642785392993206,3.687091275312126,3.9877491618480323,2.289571899984144,2.5200544108404,2.775478217917504
3.0396059481966025,3.597675051609625,2.869836479560057,2.566303464435846,3.2542963664177624,2.5094507734613463,3.219059595476478,3.3525631747774636,3.253416437843322
3.4268307511547094,3.4713960346536226,3.881741284716925,2.8769358735639035,3.0280827106910313,3.0816356665799147,3.040158608376401,3.0303190381242646,3.0483705094339175
2.16923136064539,2.815485014947779,2.045119872212573,3.4041357661303904,3.489713191175995,3.079642455136534,2.6217871400249857,1.4792759123346766,1.8353143128969789
3.209403344995351,3.492451828093528,3.0681721897865515,1.7385525241081625,2.2720545319264533,2.1347241076058365,2.9212432939341575,3.8609204842785028,3.2322355899469652
2.54241477791674,3.344110696950685,3.048470072769135,2.9089091501557878,2.460685973021416,2.2438488537948493,2.3800302837257417,2.352780365023011,2.044729997349984
2.781861372771665,3.0364296080579884,2.4283094773421183,4.777126642363271,5.0,4.966462241018698,3.6658529182226247,3.8545262466011847,3.1205788289334233
2.4765100354520273,3.130809938906508,2.608428650121019,2.85162945945381,3.1821387868837587,2.506689353341635,3.66651778377521,3.2829257716636193,3.0668432948595887
3.3597293458698445,3.244309932538927,2.8962819578035877,3.7187874433164487,4.269591674240129,3.9940433226432295,3.2808931502923784,2.7782228980457573,2.926819314204792
2.8940498008039715,3.2317933987416048,3.02157589890802,2.1357501537232055,2.4226898422783165,1.8761516417136883,3.5202298677881507,3.1843445030434774,2.907580242328075
2.8014038944419086,3.547314438770424,3.3827839981614156,3.286221244853906,3.5299802596157486,4.305658890297746,2.256875467774624,2.853043955355867,2.657842433424983
3.4593447173347465,3.230732002949317,3.300568512742195,3.031394599342271,3.5269533408535114,3.37615535804662,3.596523368013535,3.3162877861766513,3.28865870063353
2.158886597846888,3.4496950514680313,2.4580236499504897,2.4998313606286366,2.7783262250217664,2.614789084848668,2.958274227410511,2.2239445151534936,2.5409072843106166
2.735972083214386,3.015693407399753,3.323495523742411,1.7890754832282973,2.2988663395753197,1.4841595382013137,3.2886063861728627,3.3608873442802167,2.9635105186100974
2.7788924232015884,3.4021425495066424,3.3363069415776327,2.7566520472223957,2.617557346384406,2.5950879344945923,3.590301446866762,3.4591954844168993,3.7817984074378224
2.4074591882420533,2.537622935470657,2.6661067471690982,2.447842113509707,2.490098007726078,2.7148721652023236,3.034608913616116,2.506760654552128,2.0944336636485357
3.687663696481881,3.9953471417155524,3.8811912243114746,2.494904008689729,2.602149229942025,1.8969457047619838,2.8971704512294743,3.0034363631750995,2.7833649143554626
2.56652265383412,2.802015012762636,2.684323990639985,3.973667804215164,3.891714181589569,4.280618017050479,2.933006961369185,3.5344285725933546,2.6904294003383042
2.7434386147534586,2.5258846188058603,2.335555175316764,2.1616992361702607,2.270313262351901,1.8610979604128355,3.6289482150875867,3.612582313214625,3.0285233186704676
4.473225607653431,4.467771474907842,4.0154768127113485,2.1415147101131367,1.5423976734892675,1.6379824980122626,2.745276000363565,2.6078748989073555,2.0918460152904617
3.5750845628375263,3.4958373047965345,3.9013946499393706,3.6518630959990284,4.252721466816457,3.534541441644301,3.192485264375499,3.0590899409468446,2.7804206050237634
3.959618467734544,4.17176819847199,3.6981065595463227,3.391696081158896,3.390663707471066,4.02620085126307,5.0,4.599460722315918,4.481760835214814
2.8906652718251236,3.163175099734873,3.090831100239794,2.9060994071461455,3.104549643780361,3.492846055827764,1.7612722511933754,2.5668842007336288,1.9008567656761604
1.7125164748788584,2.584824724998917,2.1937250997569127,2.959501541213352,3.082927131726771,2.8377553916492495,2.70321621378286,2.6502226093932064,2.004818372357876
2.758319864895357,2.8607862143507905,2.896988649850224,5.0,4.25695015453223,4.647727268244763,2.167478631056926,1.5962265247940515,1.8545619220312934
2.815999518862018,2.8845320015943283,2.65073006607322,2.6820709374725897,2.216980572734674,2.3959684785257096,3.2567796785528405,3.1758587279214123,2.7461958546642764
